profile_code,assigned_profile
0000010,Other
000002.5,Other
0000030,Other
00000C,Other
100CROC,Gasoline Vehicle
101CROC,Gasoline Vehicle
102CROC,Diesel Vehicle
103CROC,Diesel Vehicle
104CROC,Diesel Vehicle
105CROC,CNG Vehicle
106CROC,CNG Vehicle
107CROC,Gasoline Vehicle
108CROC,Diesel Vehicle
109CROC,Diesel Vehicle
110CROC,Diesel Vehicle
111CROC,Aircraft
1120110,Coal Combustion
112012.5,Coal Combustion
1120130,Coal Combustion
11201C,Coal Combustion
1120210,Coal Combustion
112022.5,Coal Combustion
1120230,Coal Combustion
11202C,Coal Combustion
1120310,Coal Combustion
112032.5,Coal Combustion
1120330,Coal Combustion
11203C,Coal Combustion
1120410,Coal Combustion
112042.5,Coal Combustion
1120430,Coal Combustion
11204C,Coal Combustion
1120510,Coal Combustion
112052.5,Coal Combustion
1120530,Coal Combustion
11205C,Coal Combustion
1120610,Coal Combustion
112062.5,Coal Combustion
1120630,Coal Combustion
11206C,Coal Combustion
1120710,Coal Combustion
112072.5,Coal Combustion
1120730,Coal Combustion
11207C,Coal Combustion
1120810,Coal Combustion
112082.5,Coal Combustion
1120830,Coal Combustion
11208C,Coal Combustion
1120910,Coal Combustion
112092.5,Coal Combustion
1120930,Coal Combustion
11209C,Coal Combustion
1121010,Coal Combustion
112102.5,Coal Combustion
1121030,Coal Combustion
11210C,Coal Combustion
1121110,Coal Combustion
112112.5,Coal Combustion
1121130,Coal Combustion
11211C,Coal Combustion
1121210,Coal Combustion
112122.5,Coal Combustion
1121230,Coal Combustion
11212C,Coal Combustion
1121310,Coal Combustion
112132.5,Coal Combustion
1121330,Coal Combustion
11213C,Coal Combustion
1121410,Coal Combustion
112142.5,Coal Combustion
1121430,Coal Combustion
11214C,Coal Combustion
1121510,Coal Combustion
112152.5,Coal Combustion
1121530,Coal Combustion
11215C,Coal Combustion
112CROC,Diesel Vehicle
1130110,Coal Combustion
113012.5,Coal Combustion
1130130,Coal Combustion
11301C,Coal Combustion
113CROC,Marine vessel
114CROC,Marine vessel
1150110,Oil Combustion
115012.5,Oil Combustion
1150130,Oil Combustion
11501C,Oil Combustion
1150210,Oil Combustion
115022.5,Oil Combustion
1150230,Oil Combustion
11502C,Oil Combustion
1150310,Oil Combustion
115032.5,Oil Combustion
1150330,Oil Combustion
11503C,Oil Combustion
1150410,Oil Combustion
115042.5,Oil Combustion
1150430,Oil Combustion
11504C,Oil Combustion
1150510,Oil Combustion
115052.5,Oil Combustion
1150530,Oil Combustion
11505C,Oil Combustion
1150610,Oil Combustion
115062.5,Oil Combustion
1150630,Oil Combustion
11506C,Oil Combustion
1150710,Oil Combustion
115072.5,Oil Combustion
1150730,Oil Combustion
11507C,Oil Combustion
1150810,Oil Combustion
115082.5,Oil Combustion
1150830,Oil Combustion
11508C,Oil Combustion
1150910,Oil Combustion
115092.5,Oil Combustion
1150930,Oil Combustion
11509C,Oil Combustion
1151010,Oil Combustion
115102.5,Oil Combustion
1151030,Oil Combustion
11510C,Oil Combustion
1180110,Biomass Burning
118012.5,Biomass Burning
1180130,Biomass Burning
11801C,Biomass Burning
1220110,Coal Combustion
122012.5,Coal Combustion
1220130,Coal Combustion
12201C,Coal Combustion
1230110,Oil Combustion
123012.5,Oil Combustion
1230130,Oil Combustion
12301C,Oil Combustion
1270410,Biomass Burning
127042.5,Biomass Burning
1270430,Biomass Burning
12704C,Biomass Burning
1270510,Biomass Burning
127052.5,Biomass Burning
1270530,Biomass Burning
12705C,Biomass Burning
1270610,Biomass Burning
127062.5,Biomass Burning
1270630,Biomass Burning
12706C,Biomass Burning
1270710,Biomass Burning
127072.5,Biomass Burning
1270730,Biomass Burning
12707C,Biomass Burning
1270810,Biomass Burning
127082.5,Biomass Burning
1270830,Biomass Burning
12708C,Biomass Burning
1270910,Biomass Burning
127092.5,Biomass Burning
1270930,Biomass Burning
12709C,Biomass Burning
1271010,Oil Combustion
127102.5,Oil Combustion
1271030,Oil Combustion
12710C,Oil Combustion
1350110,Oil Combustion
135012.5,Oil Combustion
1350130,Oil Combustion
13501C,Oil Combustion
1350210,Oil Combustion
135022.5,Oil Combustion
1350230,Oil Combustion
13502C,Oil Combustion
1350310,Oil Combustion
135032.5,Oil Combustion
1350330,Oil Combustion
13503C,Oil Combustion
1350410,Oil Combustion
135042.5,Oil Combustion
1350430,Oil Combustion
13504C,Oil Combustion
1350510,Oil Combustion
135052.5,Oil Combustion
1350530,Oil Combustion
13505C,Oil Combustion
1410110,Oil Combustion
141012.5,Oil Combustion
1410130,Oil Combustion
14101C,Oil Combustion
1410210,Industrial
141022.5,Industrial
1410230,Industrial
14102C,Industrial
1510110,Industrial
151012.5,Industrial
1510130,Industrial
15101C,Industrial
1600010,Biomass Burning
160002.5,Biomass Burning
1600030,Biomass Burning
16000C,Biomass Burning
1600110,Biomass Burning
160012.5,Biomass Burning
1600130,Biomass Burning
16001C,Biomass Burning
1710510,Industrial
171052.5,Industrial
1710530,Industrial
17105C,Industrial
1710610,Industrial
171062.5,Industrial
1710630,Industrial
17106C,Industrial
1710710,Industrial
171072.5,Industrial
1710730,Industrial
17107C,Industrial
1710810,Industrial
171082.5,Industrial
1710830,Industrial
17108C,Industrial
1710910,Industrial Dust
171092.5,Industrial Dust
1710930,Industrial Dust
17109C,Industrial Dust
1712010,Industrial
171202.5,Industrial
1712030,Industrial
17120C,Industrial
1712110,Industrial
171212.5,Industrial
1712130,Industrial
17121C,Industrial
1712210,Industrial
171222.5,Industrial
1712230,Industrial
17122C,Industrial
1712310,Industrial
171232.5,Industrial
1712330,Industrial
17123C,Industrial
1712410,Industrial
171242.5,Industrial
1712430,Industrial
17124C,Industrial
1800010,Industrial
180002.5,Industrial
1800030,Industrial
18000C,Industrial
1910110,Industrial
191012.5,Industrial
1910130,Industrial
19101C,Industrial
2010110,Industrial
201012.5,Industrial
2010130,Industrial
20101C,Industrial
2010210,Industrial
201022.5,Industrial
2010230,Industrial
20102C,Industrial
2010310,Industrial
201032.5,Industrial
2010330,Industrial
20103C,Industrial
2040110,Industrial
204012.5,Industrial
2040130,Industrial
20401C,Industrial
2040210,Industrial
204022.5,Industrial
2040230,Industrial
20402C,Industrial
2040310,Industrial
204032.5,Industrial
2040330,Industrial
20403C,Industrial
2040410,Industrial
204042.5,Industrial
2040430,Industrial
20404C,Industrial
2040510,Industrial
204052.5,Industrial
2040530,Industrial
20405C,Industrial
2040610,Industrial Dust
204062.5,Industrial Dust
2040630,Industrial Dust
20406C,Industrial Dust
2050110,Industrial
205012.5,Industrial
2050130,Industrial
20501C,Industrial
2050210,Industrial
205022.5,Industrial
2050230,Industrial
20502C,Industrial
2050310,Industrial
205032.5,Industrial
2050330,Industrial
20503C,Industrial
2110110,Cement Manufacturing
211012.5,Cement Manufacturing
2110130,Cement Manufacturing
21101C,Cement Manufacturing
2110210,Industrial
211022.5,Industrial
2110230,Industrial
21102C,Industrial
2110310,Industrial
211032.5,Industrial
2110330,Industrial
21103C,Industrial
2115010,Industrial
211502.5,Industrial
2115030,Industrial
21150C,Industrial
2120310,Industrial Dust
212032.5,Industrial Dust
2120330,Industrial Dust
21203C,Industrial Dust
2120410,Industrial Dust
212042.5,Industrial Dust
2120430,Industrial Dust
21204C,Industrial Dust
2120510,Industrial Dust
212052.5,Industrial Dust
2120530,Industrial Dust
21205C,Industrial Dust
2120610,Industrial Dust
212062.5,Industrial Dust
2120630,Industrial Dust
21206C,Industrial Dust
2130110,Industrial Dust
213012.5,Industrial Dust
2130130,Industrial Dust
21301C,Industrial Dust
2130210,Industrial Dust
213022.5,Industrial Dust
2130230,Industrial Dust
21302C,Industrial Dust
2130310,Industrial Dust
213032.5,Industrial Dust
2130330,Industrial Dust
21303C,Industrial Dust
2130410,Industrial Dust
213042.5,Industrial Dust
2130430,Industrial Dust
21304C,Industrial Dust
2132010,Industrial Dust
213202.5,Industrial Dust
2132030,Industrial Dust
21320C,Industrial Dust
2134010,Industrial Dust
213402.5,Industrial Dust
2134030,Industrial Dust
21340C,Industrial Dust
2140110,Industrial Dust
214012.5,Industrial Dust
2140130,Industrial Dust
21401C,Industrial Dust
2150110,Industrial
215012.5,Industrial
2150130,Industrial
21501C,Industrial
2210110,Industrial Dust
221012.5,Industrial Dust
2210130,Industrial Dust
22101C,Industrial Dust
2210210,Industrial Dust
221022.5,Industrial Dust
2210230,Industrial Dust
22102C,Industrial Dust
2210310,Industrial Dust
221032.5,Industrial Dust
2210330,Industrial Dust
22103C,Industrial Dust
2220110,Industrial Dust
222012.5,Industrial Dust
2220130,Industrial Dust
22201C,Industrial Dust
2220210,Industrial Dust
222022.5,Industrial Dust
2220230,Industrial Dust
22202C,Industrial Dust
2220310,Industrial Dust
222032.5,Industrial Dust
2220330,Industrial Dust
22203C,Industrial Dust
2230110,Biomass Burning
223012.5,Biomass Burning
2230130,Biomass Burning
22301C,Biomass Burning
2230210,Biomass Burning
223022.5,Biomass Burning
2230230,Biomass Burning
22302C,Biomass Burning
2230310,Biomass Burning
223032.5,Biomass Burning
2230330,Biomass Burning
22303C,Biomass Burning
2310310,Industrial
231032.5,Industrial
2310330,Industrial
23103C,Industrial
2310410,Industrial
231042.5,Industrial
2310430,Industrial
23104C,Industrial
2320210,Cement Manufacturing
232022.5,Cement Manufacturing
2320230,Cement Manufacturing
23202C,Cement Manufacturing
2410110,Industrial
241012.5,Industrial
2410130,Industrial
24101C,Industrial
2520110,Industrial
252012.5,Industrial
2520130,Industrial
25201C,Industrial
2530210,Biomass Burning
253022.5,Biomass Burning
2530230,Biomass Burning
25302C,Biomass Burning
2540110,Industrial Dust
254012.5,Industrial Dust
2540130,Industrial Dust
25401C,Industrial Dust
2540210,Industrial
254022.5,Industrial
2540230,Industrial
25402C,Industrial
2540310,Industrial
254032.5,Industrial
2540330,Industrial
25403C,Industrial
2540410,Industrial Dust
254042.5,Industrial Dust
2540430,Industrial Dust
25404C,Industrial Dust
2540510,Industrial
254052.5,Industrial
2540530,Industrial
25405C,Industrial
2540610,Industrial
254062.5,Industrial
2540630,Industrial
25406C,Industrial
2540710,Industrial Dust
254072.5,Industrial Dust
2540730,Industrial Dust
25407C,Industrial Dust
2540810,Industrial Dust
254082.5,Industrial Dust
2540830,Industrial Dust
25408C,Industrial Dust
2540910,Industrial
254092.5,Industrial
2540930,Industrial
25409C,Industrial
2541010,Industrial
254102.5,Industrial
2541030,Industrial
25410C,Industrial
2541110,Industrial Dust
254112.5,Industrial Dust
2541130,Industrial Dust
25411C,Industrial Dust
2541210,Industrial Dust
254122.5,Industrial Dust
2541230,Industrial Dust
25412C,Industrial Dust
2541310,Industrial Dust
254132.5,Industrial Dust
2541330,Industrial Dust
25413C,Industrial Dust
2541410,Industrial Dust
254142.5,Industrial Dust
2541430,Industrial Dust
25414C,Industrial Dust
2541510,Industrial Dust
254152.5,Industrial Dust
2541530,Industrial Dust
25415C,Industrial Dust
2541610,Industrial Dust
254162.5,Industrial Dust
2541630,Industrial Dust
25416C,Industrial Dust
2541710,Industrial
254172.5,Industrial
2541730,Industrial
25417C,Industrial
2541810,Industrial
254182.5,Industrial
2541830,Industrial
25418C,Industrial
2541910,Industrial
254192.5,Industrial
2541930,Industrial
25419C,Industrial
2542010,Industrial Dust
254202.5,Industrial Dust
2542030,Industrial Dust
25420C,Industrial Dust
2542110,Industrial
254212.5,Industrial
2542130,Industrial
25421C,Industrial
2542210,Industrial
254222.5,Industrial
2542230,Industrial
25422C,Industrial
2550010,Industrial
255002.5,Industrial
2550030,Industrial
25500C,Industrial
2570110,Industrial
257012.5,Industrial
2570130,Industrial
25701C,Industrial
2570210,Industrial Dust
257022.5,Industrial Dust
2570230,Industrial Dust
25702C,Industrial Dust
2570310,Industrial
257032.5,Industrial
2570330,Industrial
25703C,Industrial
2610110,Industrial
261012.5,Industrial
2610130,Industrial
26101C,Industrial
2620210,Industrial
262022.5,Industrial
2620230,Industrial
26202C,Industrial
2620310,Industrial
262032.5,Industrial
2620330,Industrial
26203C,Industrial
2620410,Industrial
262042.5,Industrial
2620430,Industrial
26204C,Industrial
2620510,Industrial
262052.5,Industrial
2620530,Industrial
26205C,Industrial
2620610,Industrial
262062.5,Industrial
2620630,Industrial
26206C,Industrial
2620710,Industrial Dust
262072.5,Industrial Dust
2620730,Industrial Dust
26207C,Industrial Dust
2620810,Industrial
262082.5,Industrial
2620830,Industrial
26208C,Industrial
2620910,Industrial
262092.5,Industrial
2620930,Industrial
26209C,Industrial
2710210,Industrial
271022.5,Industrial
2710230,Industrial
27102C,Industrial
2720110,Cement Manufacturing
272012.5,Cement Manufacturing
2720130,Cement Manufacturing
27201C,Cement Manufacturing
2720310,Coal Combustion
272032.5,Coal Combustion
2720330,Coal Combustion
27203C,Coal Combustion
2720410,Cement Manufacturing
272042.5,Cement Manufacturing
2720430,Cement Manufacturing
27204C,Cement Manufacturing
2720510,Cement Manufacturing
272052.5,Cement Manufacturing
2720530,Cement Manufacturing
27205C,Cement Manufacturing
2750110,Cement Manufacturing
275012.5,Cement Manufacturing
2750130,Cement Manufacturing
27501C,Cement Manufacturing
2750210,Cement Manufacturing
275022.5,Cement Manufacturing
2750230,Cement Manufacturing
27502C,Cement Manufacturing
2750310,Cement Manufacturing
275032.5,Cement Manufacturing
2750330,Cement Manufacturing
27503C,Cement Manufacturing
2750410,Cement Manufacturing
275042.5,Cement Manufacturing
2750430,Cement Manufacturing
27504C,Cement Manufacturing
2760110,Cement Manufacturing
276012.5,Cement Manufacturing
2760130,Cement Manufacturing
27601C,Cement Manufacturing
2760210,Cement Manufacturing
276022.5,Cement Manufacturing
2760230,Cement Manufacturing
27602C,Cement Manufacturing
2820110,Industrial
282012.5,Industrial
2820130,Industrial
28201C,Industrial
2820210,Industrial
282022.5,Industrial
2820230,Industrial
28202C,Industrial
2830110,Industrial
283012.5,Industrial
2830130,Industrial
28301C,Industrial
2830210,Industrial
283022.5,Industrial
2830230,Industrial
28302C,Industrial
2830310,Industrial
283032.5,Industrial
2830330,Industrial
28303C,Industrial
2830410,Industrial
283042.5,Industrial
2830430,Industrial
28304C,Industrial
2830510,Industrial
283052.5,Industrial
2830530,Industrial
28305C,Industrial
2830610,Industrial
283062.5,Industrial
2830630,Industrial
28306C,Industrial
2830710,Industrial
283072.5,Industrial
2830730,Industrial
28307C,Industrial
2840110,Industrial
284012.5,Industrial
2840130,Industrial
28401C,Industrial
2860110,Industrial
286012.5,Industrial
2860130,Industrial
28601C,Industrial
2910110,Industrial
291012.5,Industrial
2910130,Industrial
29101C,Industrial
2910210,Industrial
291022.5,Industrial
2910230,Industrial
29102C,Industrial
2920110,Industrial
292012.5,Industrial
2920130,Industrial
29201C,Industrial
2920210,Industrial
292022.5,Industrial
2920230,Industrial
29202C,Industrial
2920310,Industrial
292032.5,Industrial
2920330,Industrial
29203C,Industrial
2920410,Industrial
292042.5,Industrial
2920430,Industrial
29204C,Industrial
2920510,Industrial Dust
292052.5,Industrial Dust
2920530,Industrial Dust
29205C,Industrial Dust
2920610,Industrial Dust
292062.5,Industrial Dust
2920630,Industrial Dust
29206C,Industrial Dust
2920710,Industrial
292072.5,Industrial
2920730,Industrial
29207C,Industrial
2920810,Industrial Dust
292082.5,Industrial Dust
2920830,Industrial Dust
29208C,Industrial Dust
2920910,Industrial
292092.5,Industrial
2920930,Industrial
29209C,Industrial
2921010,Industrial
292102.5,Industrial
2921030,Industrial
29210C,Industrial
2921110,Industrial Dust
292112.5,Industrial Dust
2921130,Industrial Dust
29211C,Industrial Dust
2930110,Industrial
293012.5,Industrial
2930130,Industrial
29301C,Industrial
2930210,Industrial
293022.5,Industrial
2930230,Industrial
29302C,Industrial
2930310,Industrial
293032.5,Industrial
2930330,Industrial
29303C,Industrial
2930410,Industrial
293042.5,Industrial
2930430,Industrial
29304C,Industrial
2930510,Industrial
293052.5,Industrial
2930530,Industrial
29305C,Industrial
2930610,Industrial
293062.5,Industrial
2930630,Industrial
29306C,Industrial
2930710,Industrial
293072.5,Industrial
2930730,Industrial
29307C,Industrial
2930910,Industrial
293092.5,Industrial
2930930,Industrial
29309C,Industrial
2931010,Industrial
293102.5,Industrial
2931030,Industrial
29310C,Industrial
2931110,Industrial
293112.5,Industrial
2931130,Industrial
29311C,Industrial
2933010,Industrial
293302.5,Industrial
2933030,Industrial
29330C,Industrial
2950110,Industrial
295012.5,Industrial
2950130,Industrial
29501C,Industrial
2950210,Industrial
295022.5,Industrial
2950230,Industrial
29502C,Industrial
3110110,Gasoline Vehicle
311012.5,Gasoline Vehicle
3110130,Gasoline Vehicle
31101C,Gasoline Vehicle
3110210,Gasoline Vehicle
311022.5,Gasoline Vehicle
3110230,Gasoline Vehicle
31102C,Gasoline Vehicle
3110310,Gasoline Vehicle
311032.5,Gasoline Vehicle
3110330,Gasoline Vehicle
31103C,Gasoline Vehicle
3110410,Gasoline Vehicle
311042.5,Gasoline Vehicle
3110430,Gasoline Vehicle
31104C,Gasoline Vehicle
3110510,Gasoline Vehicle
311052.5,Gasoline Vehicle
3110530,Gasoline Vehicle
31105C,Gasoline Vehicle
3110610,Gasoline Vehicle
311062.5,Gasoline Vehicle
3110630,Gasoline Vehicle
31106C,Gasoline Vehicle
3110710,Gasoline Vehicle
311072.5,Gasoline Vehicle
3110730,Gasoline Vehicle
31107C,Gasoline Vehicle
3110810,Gasoline Vehicle
311082.5,Gasoline Vehicle
3110830,Gasoline Vehicle
31108C,Gasoline Vehicle
3120110,Gasoline Vehicle
312012.5,Gasoline Vehicle
3120130,Gasoline Vehicle
31201C,Gasoline Vehicle
3120210,Gasoline Vehicle
312022.5,Gasoline Vehicle
3120230,Gasoline Vehicle
31202C,Gasoline Vehicle
3120310,Gasoline Vehicle
312032.5,Gasoline Vehicle
3120330,Gasoline Vehicle
31203C,Gasoline Vehicle
3123010,Gasoline Vehicle
312302.5,Gasoline Vehicle
3123030,Gasoline Vehicle
31230C,Gasoline Vehicle
3156,Brake Tire Wear
3157,Brake Tire Wear
3158,Gasoline Vehicle
3190,Coal Combustion
3191,Coal Combustion
3192,Coal Combustion
3193,Coal Combustion
3194,Coal Combustion
3195,Gas Combustion
3196,Soil Dust
3197,Road Dust
3198,Road Dust
3199,Road Dust
3200,Road Dust
3201,Road Dust
3202,Road Dust
3203,Road Dust
3204,Road Dust
3205,Diesel Vehicle
3206,Diesel Vehicle
3207,Diesel Vehicle
3208,Diesel Vehicle
3209,Diesel Vehicle
3210,Diesel Vehicle
3210110,Diesel Vehicle
321012.5,Diesel Vehicle
3210130,Diesel Vehicle
32101C,Diesel Vehicle
3210210,Diesel Vehicle
321022.5,Diesel Vehicle
3210230,Diesel Vehicle
32102C,Diesel Vehicle
3210310,Diesel Vehicle
321032.5,Diesel Vehicle
3210330,Diesel Vehicle
32103C,Diesel Vehicle
3210410,Diesel Vehicle
321042.5,Diesel Vehicle
3210430,Diesel Vehicle
32104C,Diesel Vehicle
3211,Diesel Vehicle
3212,Diesel Vehicle
3213,Gasoline Vehicle
3214,Gasoline Vehicle
3215,Gasoline Vehicle
3216,Gasoline Vehicle
3217,Gasoline Vehicle
3218,Gasoline Vehicle
3219,Diesel Vehicle
3220,Diesel Vehicle
3220210,Diesel Vehicle
322022.5,Diesel Vehicle
3220230,Diesel Vehicle
32202C,Diesel Vehicle
3220310,Diesel Vehicle
322032.5,Diesel Vehicle
3220330,Diesel Vehicle
32203C,Diesel Vehicle
3220410,Diesel Vehicle
322042.5,Diesel Vehicle
3220430,Diesel Vehicle
32204C,Diesel Vehicle
3220510,Diesel Vehicle
322052.5,Diesel Vehicle
3220530,Diesel Vehicle
32205C,Diesel Vehicle
3220610,Diesel Vehicle
322062.5,Diesel Vehicle
3220630,Diesel Vehicle
32206C,Diesel Vehicle
3220710,Diesel Vehicle
322072.5,Diesel Vehicle
3220730,Diesel Vehicle
32207C,Diesel Vehicle
3220810,Diesel Vehicle
322082.5,Diesel Vehicle
3220830,Diesel Vehicle
32208C,Diesel Vehicle
3221,Diesel Vehicle
3222,Gasoline Vehicle
3223,Gasoline Vehicle
3224,Gasoline Vehicle
3225,Gasoline Vehicle
3226,Gasoline Vehicle
3227,Gasoline Vehicle
3228,Gasoline Vehicle
3229,Gasoline Vehicle
3230,Gasoline Vehicle
3231,Industrial
3232,Biomass Burning
3233,Biomass Burning
3234,Biomass Burning
3235,Biomass Burning
3236,Biomass Burning
3237,Biomass Burning
3238,Biomass Burning
3239,Biomass Burning
3240,Biomass Burning
3241,Biomass Burning
3242,Biomass Burning
3243,Biomass Burning
3244,Biomass Burning
3245,Biomass Burning
3246,Biomass Burning
3247,Biomass Burning
3248,Biomass Burning
3249,Biomass Burning
3250,Biomass Burning
3251,Oil Combustion
3252,Oil Combustion
3253,Oil Combustion
3254,Oil Combustion
3255,Oil Combustion
3256,Biomass Burning
3257,Biomass Burning
3258,Biomass Burning
3259,Biomass Burning
3260,Biomass Burning
3261,Road Dust
3262,Road Dust
3263,Road Dust
3264,Road Dust
3265,Road Dust
3266,Diesel Vehicle
3267,Diesel Vehicle
3268,Diesel Vehicle
3270,Diesel Vehicle
3271,Biomass Burning
3272,Biomass Burning
3273,Biomass Burning
3275,Biomass Burning
3276,Biomass Burning
3277,Biomass Burning
3278,Biomass Burning
3280,Biomass Burning
3281,Industrial
3282,Industrial
3283,Industrial
3284,Industrial
3285,Industrial
3286,Industrial
3287,Industrial
3288,Industrial
3290,Industrial
3291,Oil Combustion
3292,Oil Combustion
3293,Oil Combustion
3295,Oil Combustion
3296,Soil Dust
3297,Soil Dust
3298,Soil Dust
3299,Soil Dust
3300,Soil Dust
3300110,Gasoline Vehicle
330012.5,Gasoline Vehicle
3300130,Gasoline Vehicle
33001C,Gasoline Vehicle
3300210,Vehicle Composite
330022.5,Vehicle Composite
3300230,Vehicle Composite
33002C,Vehicle Composite
3300310,Vehicle Composite
330032.5,Vehicle Composite
3300330,Vehicle Composite
33003C,Vehicle Composite
3300410,Vehicle Composite
330042.5,Vehicle Composite
3300430,Vehicle Composite
33004C,Vehicle Composite
3300510,Vehicle Composite
330052.5,Vehicle Composite
3300530,Vehicle Composite
33005C,Vehicle Composite
3300610,Vehicle Composite
330062.5,Vehicle Composite
3300630,Vehicle Composite
33006C,Vehicle Composite
3300710,Vehicle Composite
330072.5,Vehicle Composite
3300730,Vehicle Composite
33007C,Vehicle Composite
3300810,Vehicle Composite
330082.5,Vehicle Composite
3300830,Vehicle Composite
33008C,Vehicle Composite
3300910,Vehicle Composite
330092.5,Vehicle Composite
3300930,Vehicle Composite
33009C,Vehicle Composite
3301,Soil Dust
3301010,Gasoline Vehicle
330102.5,Gasoline Vehicle
3301030,Gasoline Vehicle
33010C,Gasoline Vehicle
3301110,Vehicle Composite
330112.5,Vehicle Composite
3301130,Vehicle Composite
33011C,Vehicle Composite
3302,Road Dust
3302010,Vehicle Composite
330202.5,Vehicle Composite
3302030,Vehicle Composite
33020C,Vehicle Composite
3303,Road Dust
3304,Road Dust
3305,Road Dust
3306,Soil Dust
3307,Soil Dust
3308,Soil Dust
3309,Soil Dust
3310,Soil Dust
3311,Soil Dust
3312,Soil Dust
3313,Soil Dust
3314,Soil Dust
3315,Soil Dust
3316,Road Dust
3317,Road Dust
3318,Road Dust
3319,Road Dust
3320,Road Dust
3321,Road Dust
3322,Road Dust
3323,Road Dust
3324,Road Dust
3325,Road Dust
3326,Road Dust
3327,Road Dust
3328,Road Dust
3329,Road Dust
3330,Road Dust
3331,Soil Dust
3332,Soil Dust
3333,Soil Dust
3334,Soil Dust
3335,Soil Dust
3336,Soil Dust
3337,Soil Dust
3338,Soil Dust
3339,Soil Dust
3340,Soil Dust
3341,Road Dust
3342,Road Dust
3343,Road Dust
3344,Road Dust
3345,Road Dust
3346,Road Dust
3347,Road Dust
3348,Road Dust
3349,Road Dust
3350,Road Dust
3351,Road Dust
3352,Road Dust
3353,Road Dust
3354,Road Dust
3355,Road Dust
3356,Soil Dust
3357,Soil Dust
3358,Soil Dust
3359,Soil Dust
3360,Soil Dust
3361,Soil Dust
3362,Soil Dust
3363,Soil Dust
3364,Soil Dust
3365,Soil Dust
3366,Road Dust
3367,Road Dust
3368,Road Dust
3369,Road Dust
3370,Road Dust
3371,Road Dust
3372,Road Dust
3373,Road Dust
3374,Road Dust
3375,Road Dust
3376,Road Dust
3377,Road Dust
3378,Road Dust
3379,Road Dust
3380,Road Dust
3381,Road Dust
3382,Road Dust
3383,Road Dust
3384,Road Dust
3385,Road Dust
3386,Road Dust
3387,Road Dust
3388,Road Dust
3389,Road Dust
3390,Road Dust
3391,Soil Dust
3392,Soil Dust
3393,Soil Dust
3394,Soil Dust
3395,Soil Dust
3396,Soil Dust
3397,Soil Dust
3398,Soil Dust
3399,Soil Dust
3400,Soil Dust
3400110,Aircraft
340012.5,Aircraft
3400130,Aircraft
34001C,Aircraft
3400210,Brake Tire Wear
340022.5,Brake Tire Wear
3400230,Brake Tire Wear
34002C,Brake Tire Wear
3400310,Brake Tire Wear
340032.5,Brake Tire Wear
3400330,Brake Tire Wear
34003C,Brake Tire Wear
3400410,Brake Tire Wear
340042.5,Brake Tire Wear
3400430,Brake Tire Wear
34004C,Brake Tire Wear
3400510,Vehicle Composite
340052.5,Vehicle Composite
3400530,Vehicle Composite
34005C,Vehicle Composite
3400610,Brake Tire Wear
340062.5,Brake Tire Wear
3400630,Brake Tire Wear
34006C,Brake Tire Wear
3400710,Brake Tire Wear
340072.5,Brake Tire Wear
3400730,Brake Tire Wear
34007C,Brake Tire Wear
3400810,Brake Tire Wear
340082.5,Brake Tire Wear
3400830,Brake Tire Wear
34008C,Brake Tire Wear
3401,Soil Dust
3402,Soil Dust
3403,Soil Dust
3404,Soil Dust
3405,Soil Dust
3406,Soil Dust
3407,Soil Dust
3408,Soil Dust
3409,Soil Dust
3410,Soil Dust
3411,Soil Dust
3412,Soil Dust
3413,Soil Dust
3414,Soil Dust
3415,Soil Dust
3416,Volcano
3417,Volcano
3418,Volcano
3419,Volcano
3420,Volcano
3421,Road Dust
3422,Road Dust
3423,Road Dust
3424,Road Dust
3425,Road Dust
3426,Soil Dust
3427,Soil Dust
3428,Soil Dust
3429,Soil Dust
3430,Soil Dust
3431,Road Dust
3432,Road Dust
3433,Road Dust
3434,Road Dust
3435,Road Dust
3436,Road Dust
3437,Road Dust
3438,Road Dust
3439,Road Dust
3440,Road Dust
3441,Soil Dust
3442,Soil Dust
3443,Soil Dust
3444,Soil Dust
3445,Soil Dust
3446,Biomass Burning
3447,Biomass Burning
3448,Biomass Burning
3449,Biomass Burning
3450,Biomass Burning
3451,Biomass Burning
3452,Biomass Burning
3453,Biomass Burning
3454,Biomass Burning
3455,Biomass Burning
3456,Industrial Dust
3457,Industrial Dust
3458,Industrial Dust
3459,Industrial Dust
3460,Industrial Dust
3461,Diesel Vehicle
3462,Diesel Vehicle
3463,Diesel Vehicle
3465,Diesel Vehicle
3466,Industrial Dust
3467,Industrial Dust
3468,Industrial Dust
3469,Industrial Dust
3470,Industrial Dust
3471,Industrial Dust
3472,Industrial Dust
3473,Industrial Dust
3474,Industrial Dust
3475,Industrial Dust
3476,Soil Dust
3477,Soil Dust
3478,Soil Dust
3479,Soil Dust
3480,Soil Dust
3481,Soil Dust
3482,Soil Dust
3483,Soil Dust
3484,Soil Dust
3485,Soil Dust
3486,Soil Dust
3487,Soil Dust
3488,Soil Dust
3489,Soil Dust
3490,Construction
3491,Construction
3492,Construction
3493,Soil Dust
3494,Soil Dust
3495,Soil Dust
3496,Soil Dust
3497,Soil Dust
3498,Soil Dust
3499,Road Dust
3500,Road Dust
3501,Road Dust
3502,Road Dust
3503,Road Dust
3504,Road Dust
3505,Road Dust
3506,Road Dust
3507,Road Dust
3508,Road Dust
3509,Road Dust
3510,Road Dust
3511,Soil Dust
3512,Soil Dust
3513,Soil Dust
3514,Road Dust
3515,Road Dust
3516,Road Dust
3517,Gasoline Vehicle
3518,Diesel Vehicle
3519,Diesel Vehicle
3520,Diesel Vehicle
3521,Diesel Vehicle
3522,Diesel Vehicle
3523,Diesel Vehicle
3524,Diesel Vehicle
3525,Diesel Vehicle
3526,Diesel Vehicle
3527,Diesel Vehicle
3528,Diesel Vehicle
3529,Background Air
3530,Background Air
3531,Road Dust
3532,Road Dust
3533,Road Dust
3534,Road Dust
3535,Road Dust
3536,Road Dust
3537,Industrial Dust
3538,Industrial Dust
3539,Industrial Dust
3540,Road Dust
3541,Road Dust
3542,Road Dust
3543,Soil Dust
3544,Soil Dust
3545,Soil Dust
3546,Industrial Dust
3547,Industrial Dust
3548,Industrial Dust
3549,Soil Dust
3550,Soil Dust
3551,Soil Dust
3552,Soil Dust
3553,Soil Dust
3554,Soil Dust
3555,Soil Dust
3556,Soil Dust
3557,Soil Dust
3558,Road Dust
3559,Road Dust
3560,Soil Dust
3561,Road Dust
3562,Road Dust
3563,Soil Dust
3564,Soil Dust
3565,Road Dust
3566,Road Dust
3567,Road Dust
3568,Road Dust
3569,Soil Dust
3570,Soil Dust
3571,Soil Dust
3572,Soil Dust
3573,Road Dust
3574,Soil Dust
3575,Road Dust
3576,Soil Dust
3577,Soil Dust
3578,Soil Dust
3579,Soil Dust
3580,Soil Dust
3581,Soil Dust
3582,Soil Dust
3583,Diesel Vehicle
3584,Diesel Vehicle
3585,Diesel Vehicle
3586,Diesel Vehicle
3587,Diesel Vehicle
3588,Diesel Vehicle
3589,Diesel Vehicle
3590,Diesel Vehicle
3591,Diesel Vehicle
3592,Diesel Vehicle
3593,Diesel Vehicle
3594,Diesel Vehicle
3595,Diesel Vehicle
3596,Diesel Vehicle
3597,Diesel Vehicle
3598,Diesel Vehicle
3599,Diesel Vehicle
3600,Diesel Vehicle
3601,Diesel Vehicle
3602,Diesel Vehicle
3603,Diesel Vehicle
3604,Diesel Vehicle
3605,Diesel Vehicle
3606,Diesel Vehicle
3607,Diesel Vehicle
3608,Diesel Vehicle
3609,Diesel Vehicle
3610,Diesel Vehicle
3611,Diesel Vehicle
3612,Diesel Vehicle
3613,Diesel Vehicle
3614,Diesel Vehicle
3615,Diesel Vehicle
3616,Diesel Vehicle
3617,Diesel Vehicle
3618,Diesel Vehicle
3619,Diesel Vehicle
3620,Diesel Vehicle
3621,Diesel Vehicle
3622,Diesel Vehicle
3623,Diesel Vehicle
3624,Diesel Vehicle
3625,Biomass Burning
3627,Biomass Burning
3628,Biomass Burning
3630,Biomass Burning
3631,Biomass Burning
3633,Biomass Burning
3639,Biomass Burning
3640,Biomass Burning
3642,Biomass Burning
3643,Industrial
3644,Industrial
3645,Industrial
3646,Industrial
3647,Industrial
3648,Industrial
3649,Industrial
3650,Industrial
3651,Industrial
3652,Oil Combustion
3653,Industrial
3654,Industrial
3655,Industrial
3656,Industrial
3657,Industrial
3658,Road Dust
3659,Soil Dust
3660,Soil Dust
3661,Road Dust
3662,Road Dust
3663,Industrial
3664,Cement Manufacturing
3665,Soil Dust
3666,Road Dust
3667,Road Dust
3668,Road Dust
3669,Road Dust
3670,Soil Dust
3671,Soil Dust
3672,Road Dust
3673,Road Dust
3674,Soil Dust
3675,Road Dust
3676,Road Dust
3677,Cement Manufacturing
3678,Soil Dust
3679,Road Dust
3680,Road Dust
3681,Soil Dust
3682,Soil Dust
3683,Diesel Vehicle
3684,Diesel Vehicle
3685,Diesel Vehicle
3686,Coal Combustion
3687,Coal Combustion
3688,Coal Combustion
3689,Coal Combustion
3690,Coal Combustion
3691,Coal Combustion
3692,Coal Combustion
3693,Coal Combustion
3694,Coal Combustion
3695,Coal Combustion
3696,Coal Combustion
3697,Coal Combustion
3698,Coal Combustion
3699,Coal Combustion
3700,Coal Combustion
3701,Coal Combustion
3702,Soil Dust
3703,Soil Dust
3704,Road Dust
3705,Road Dust
3706,Road Dust
3707,Road Dust
3708,Road Dust
3709,Soil Dust
3710,Soil Dust
3711,Road Dust
3712,Soil Dust
3713,Road Dust
3714,Road Dust
3715,Road Dust
3716,Road Dust
3717,Soil Dust
3718,Road Dust
3719,Road Dust
3720,Background Air
3721,Background Air
3722,Background Air
3723,Background Air
3724,Background Air
3725,Diesel Vehicle
3726,Diesel Vehicle
3727,Diesel Vehicle
3728,Diesel Vehicle
3729,Diesel Vehicle
3730,Diesel Vehicle
3731,Diesel Vehicle
3732,Diesel Vehicle
3733,Diesel Vehicle
3734,Diesel Vehicle
3735,Diesel Vehicle
3736,Diesel Vehicle
3737,Diesel Vehicle
3738,Diesel Vehicle
3739,Diesel Vehicle
3740,Diesel Vehicle
3741,Diesel Vehicle
3742,Diesel Vehicle
3754,Background Air
3755,Background Air
3756,Background Air
3757,Coal Combustion
3758,Coal Combustion
3759,Coal Combustion
3760,Coal Combustion
3761,Coal Combustion
3762,Wildfire
3763,Wildfire
3764,Wildfire
3765,Wildfire
3766,Wildfire
3766AE6,Wildfire
3767,Biomass Burning
3768,Biomass Burning
3769,Biomass Burning
3770,Biomass Burning
3771,Construction
3772,Construction
3773,Construction
3774,Construction
3775,Construction
3776,Construction
3777,Soil Dust
3778,Soil Dust
3779,Road Dust
3780,Road Dust
3781,Road Dust
3782,Road Dust
3783,Road Dust
3784,Road Dust
3785,Road Dust
3786,Road Dust
3787,Road Dust
3788,Road Dust
3789,Road Dust
3790,Soil Dust
3791,Soil Dust
3792,Soil Dust
3793,Soil Dust
3794,Soil Dust
3795,Soil Dust
3796,Road Dust
3797,Road Dust
3798,Road Dust
3799,Diesel Vehicle
3800,Diesel Vehicle
3801,Diesel Vehicle
3802,Diesel Vehicle
3803,Diesel Vehicle
3804,Diesel Vehicle
3805,Diesel Vehicle
3806,Diesel Vehicle
3807,Diesel Vehicle
3808,Diesel Vehicle
3809,Diesel Vehicle
3810,Diesel Vehicle
3811,Diesel Vehicle
3812,Diesel Vehicle
3813,Diesel Vehicle
3814,Diesel Vehicle
3815,Diesel Vehicle
3816,Diesel Vehicle
3817,Diesel Vehicle
3818,Diesel Vehicle
3819,Diesel Vehicle
3820,Diesel Vehicle
3821,Diesel Vehicle
3822,Diesel Vehicle
3823,Diesel Vehicle
3824,Diesel Vehicle
3825,Diesel Vehicle
3826,Biomass Burning
3827,Biomass Burning
3828,Biomass Burning
3829,Biomass Burning
3830,Biomass Burning
3831,Biomass Burning
3832,Biomass Burning
3833,Biomass Burning
3834,Biomass Burning
3835,Biomass Burning
3836,Biomass Burning
3837,Biomass Burning
3838,Biomass Burning
3839,Biomass Burning
3840,Biomass Burning
3841,Biomass Burning
3842,Biomass Burning
3843,Biomass Burning
3844,Biomass Burning
3845,Biomass Burning
3846,Biomass Burning
3847,Biomass Burning
3848,Biomass Burning
3849,Biomass Burning
3850,Biomass Burning
3851,Biomass Burning
3852,Biomass Burning
3853,Biomass Burning
3854,Biomass Burning
3855,Biomass Burning
3856,Biomass Burning
3857,Gasoline Vehicle
3858,Diesel Vehicle
3859,Diesel Vehicle
3860,Aircraft
3861,Aircraft
3862,Industrial
3863,Industrial
3864,Industrial
3865,Soil Dust
3866,Gasoline Vehicle
3867,Gasoline Vehicle
3868,Gasoline Vehicle
3869,Gasoline Vehicle
3870,Gasoline Vehicle
3871,Gasoline Vehicle
3872,Gasoline Vehicle
3873,Gasoline Vehicle
3874,Gasoline Vehicle
3875,Gasoline Vehicle
3876,Gasoline Vehicle
3877,Gasoline Vehicle
3878,Diesel Vehicle
3879,Diesel Vehicle
3880,Diesel Vehicle
3881,Gasoline Vehicle
3882,Gasoline Vehicle
3883,Gasoline Vehicle
3884,Gasoline Vehicle
3885,Gasoline Vehicle
3886,Gasoline Vehicle
3887,Gasoline Vehicle
3888,Gasoline Vehicle
3889,Gasoline Vehicle
3890,Gasoline Vehicle
3891,Gasoline Vehicle
3892,Gasoline Vehicle
3893,Gasoline Vehicle
3894,Gasoline Vehicle
3895,Gasoline Vehicle
3896,Gasoline Vehicle
3897,Gasoline Vehicle
3898,Gasoline Vehicle
3899,Gasoline Vehicle
3900,Gasoline Vehicle
3901,Gasoline Vehicle
3902,Gasoline Vehicle
3903,Gasoline Vehicle
3904,Gasoline Vehicle
3905,Gasoline Vehicle
3906,Gasoline Vehicle
3907,Gasoline Vehicle
3908,Gasoline Vehicle
3909,Diesel Vehicle
3910,Diesel Vehicle
3911,Diesel Vehicle
3912,Diesel Vehicle
3913,Diesel Vehicle
3914,Diesel Vehicle
3915,Industrial
3916,Industrial
3917,Industrial
3918,Industrial
3919,Industrial
3920,Biomass Burning
3921,Biomass Burning
3922,Biomass Burning
3923,Biomass Burning
3924,Biomass Burning
3925,Biomass Burning
3926,Biomass Burning
3927,Biomass Burning
3928,Biomass Burning
3929,Biomass Burning
3930,Biomass Burning
3931,Biomass Burning
3932,Biomass Burning
3933,Biomass Burning
3934,Biomass Burning
3935,Biomass Burning
3936,Biomass Burning
3937,Biomass Burning
3938,Road Dust
3939,Road Dust
3940,Road Dust
3941,Road Dust
3942,Road Dust
3943,Road Dust
3944,Gasoline Vehicle
3945,Gasoline Vehicle
3946,Gasoline Vehicle
3947,Gasoline Vehicle
3948,Gasoline Vehicle
3949,Gasoline Vehicle
3950,Gasoline Vehicle
3951,Gasoline Vehicle
3952,Gasoline Vehicle
3953,Gasoline Vehicle
3954,Gasoline Vehicle
3955,Gasoline Vehicle
3956,Gasoline Vehicle
3957,Gasoline Vehicle
3958,Gasoline Vehicle
3959,Gasoline Vehicle
3960,Diesel Vehicle
3961,Diesel Vehicle
3962,Diesel Vehicle
3963,Diesel Vehicle
3964,Industrial Dust
3965,Industrial Dust
3966,Road Dust
3967,Road Dust
3968,Road Dust
3969,Road Dust
3970,Road Dust
3971,Road Dust
3972,Soil Dust
3973,Soil Dust
3974,Road Dust
3975,Road Dust
3976,Road Dust
3977,Road Dust
3978,Industrial Dust
3979,Industrial Dust
3980,Road Dust
3981,Road Dust
3982,Soil Dust
3984,Industrial
3985,Industrial
3986,Industrial Dust
3987,Industrial Dust
3988,Industrial Dust
3989,Industrial Dust
3990,Industrial Dust
3991,Industrial Dust
3992,Industrial Dust
3993,Industrial Dust
3994,Soil Dust
3995,Soil Dust
3996,Industrial Dust
3997,Industrial Dust
3998,Cement Manufacturing
3999,Cement Manufacturing
4000,Gasoline Vehicle
4001,Gasoline Vehicle
4002,Industrial
4003,Industrial
4004,Coal Combustion
4005,Coal Combustion
4006,Coal Combustion
4007,Coal Combustion
4008,Coal Combustion
4009,Coal Combustion
4010,Coal Combustion
4011,Coal Combustion
4012,Wildfire
4013,Wildfire
4014,Diesel Vehicle
4015,Diesel Vehicle
4016,Diesel Vehicle
4017,Diesel Vehicle
4018,Diesel Vehicle
4019,Diesel Vehicle
4020,Industrial
4021,Diesel Vehicle
4022,Diesel Vehicle
4023,Diesel Vehicle
4024,Diesel Vehicle
4026,Diesel Vehicle
4027,Diesel Vehicle
4028,Diesel Vehicle
4029,Diesel Vehicle
4030,Diesel Vehicle
4031,Diesel Vehicle
4032,Diesel Vehicle
4033,Diesel Vehicle
4034,Diesel Vehicle
4035,Diesel Vehicle
4036,Diesel Vehicle
4037,Diesel Vehicle
4038,Diesel Vehicle
4039,Diesel Vehicle
4040,Diesel Vehicle
4041,Diesel Vehicle
4042,Diesel Vehicle
4043,Diesel Vehicle
4044,Diesel Vehicle
4045,Diesel Vehicle
4046,Diesel Vehicle
4047,Diesel Vehicle
4048,Biomass Burning
4049,Diesel Vehicle
4050,Diesel Vehicle
4051,Diesel Vehicle
4052,Industrial
4053,Diesel Vehicle
4054,Diesel Vehicle
4055,Diesel Vehicle
4056,Diesel Vehicle
4057,Diesel Vehicle
4058,Diesel Vehicle
4059,Diesel Vehicle
4060,Diesel Vehicle
4061,Diesel Vehicle
4062,Diesel Vehicle
4063,Diesel Vehicle
4064,Diesel Vehicle
4065,Diesel Vehicle
4066,Road Dust
4067,Road Dust
4068,Road Dust
4069,Road Dust
4070,Soil Dust
4071,Soil Dust
4072,Soil Dust
4073,Soil Dust
4074,Soil Dust
4075,Soil Dust
4076,Industrial Dust
4077,Industrial Dust
4078,Industrial
4079,Industrial
4080,Soil Dust
4081,Soil Dust
4082,Industrial
4083,Industrial
4084,Cement Manufacturing
4085,Cement Manufacturing
4086,Cement Manufacturing
4087,Cement Manufacturing
4088,Volcano
4089,Volcano
4090,Road Dust
4091,Road Dust
4092,Road Dust
4093,Road Dust
4094,Road Dust
4095,Road Dust
4096,Road Dust
4097,Road Dust
4098,Road Dust
4099,Road Dust
4100,Road Dust
4101,Road Dust
4102,Road Dust
4103,Road Dust
4104,Road Dust
4105,Road Dust
4106,Road Dust
4107,Road Dust
4108,Industrial
4109,Industrial
4110,Industrial
4110110,Road Dust
411012.5,Road Dust
4110130,Road Dust
41101C,Road Dust
4110210,Road Dust
411022.5,Road Dust
4110230,Road Dust
41102C,Road Dust
4110310,Road Dust
411032.5,Road Dust
4110330,Road Dust
41103C,Road Dust
4110410,Road Dust
411042.5,Road Dust
4110430,Road Dust
41104C,Road Dust
4110510,Road Dust
411052.5,Road Dust
4110530,Road Dust
41105C,Road Dust
4110610,Road Dust
411062.5,Road Dust
4110630,Road Dust
41106C,Road Dust
4110710,Road Dust
411072.5,Road Dust
4110730,Road Dust
41107C,Road Dust
4110910,Road Dust
411092.5,Road Dust
4110930,Road Dust
41109C,Road Dust
4111,Industrial
4111010,Road Dust
411102.5,Road Dust
4111030,Road Dust
41110C,Road Dust
4111110,Road Dust
411112.5,Road Dust
4111130,Road Dust
41111C,Road Dust
4111210,Road Dust
411122.5,Road Dust
4111230,Road Dust
41112C,Road Dust
4111310,Road Dust
411132.5,Road Dust
4111330,Road Dust
41113C,Road Dust
4111410,Road Dust
411142.5,Road Dust
4111430,Road Dust
41114C,Road Dust
4111510,Road Dust
411152.5,Road Dust
4111530,Road Dust
41115C,Road Dust
4111610,Road Dust
411162.5,Road Dust
4111630,Road Dust
41116C,Road Dust
4111710,Road Dust
411172.5,Road Dust
4111730,Road Dust
41117C,Road Dust
4111810,Road Dust
411182.5,Road Dust
4111830,Road Dust
41118C,Road Dust
4111910,Road Dust
411192.5,Road Dust
4111930,Road Dust
41119C,Road Dust
4112,Soil Dust
4112010,Road Dust
411202.5,Road Dust
4112030,Road Dust
41120C,Road Dust
4112110,Road Dust
411212.5,Road Dust
4112130,Road Dust
41121C,Road Dust
4112210,Road Dust
411222.5,Road Dust
4112230,Road Dust
41122C,Road Dust
4112310,Road Dust
411232.5,Road Dust
4112330,Road Dust
41123C,Road Dust
4112410,Road Dust
411242.5,Road Dust
4112430,Road Dust
41124C,Road Dust
4113,Soil Dust
4113010,Road Dust
411302.5,Road Dust
4113030,Road Dust
41130C,Road Dust
4113110,Road Dust
411312.5,Road Dust
4113130,Road Dust
41131C,Road Dust
4113210,Road Dust
411322.5,Road Dust
4113230,Road Dust
41132C,Road Dust
4113310,Road Dust
411332.5,Road Dust
4113330,Road Dust
41133C,Road Dust
4113410,Road Dust
411342.5,Road Dust
4113430,Road Dust
41134C,Road Dust
4113510,Road Dust
411352.5,Road Dust
4113530,Road Dust
41135C,Road Dust
4113610,Road Dust
411362.5,Road Dust
4113630,Road Dust
41136C,Road Dust
4113710,Road Dust
411372.5,Road Dust
4113730,Road Dust
41137C,Road Dust
4113810,Road Dust
411382.5,Road Dust
4113830,Road Dust
41138C,Road Dust
4113910,Road Dust
411392.5,Road Dust
4113930,Road Dust
41139C,Road Dust
4114,Soil Dust
4114010,Road Dust
411402.5,Road Dust
4114030,Road Dust
41140C,Road Dust
4114110,Road Dust
411412.5,Road Dust
4114130,Road Dust
41141C,Road Dust
4114210,Road Dust
411422.5,Road Dust
4114230,Road Dust
41142C,Road Dust
4115,Soil Dust
4116,Soil Dust
4117,Soil Dust
4118,Soil Dust
4119,Soil Dust
4120,Soil Dust
4120110,Road Dust
412012.5,Road Dust
4120130,Road Dust
41201C,Road Dust
4120310,Road Dust
412032.5,Road Dust
4120330,Road Dust
41203C,Road Dust
4120410,Road Dust
412042.5,Road Dust
4120430,Road Dust
41204C,Road Dust
4120510,Road Dust
412052.5,Road Dust
4120530,Road Dust
41205C,Road Dust
4120610,Industrial Dust
412062.5,Industrial Dust
4120630,Industrial Dust
41206C,Industrial Dust
4120710,Road Dust
412072.5,Road Dust
4120730,Road Dust
41207C,Road Dust
4121,Soil Dust
4122,Soil Dust
4122010,Road Dust
412202.5,Road Dust
4122030,Road Dust
41220C,Road Dust
4123,Soil Dust
4124,Soil Dust
4125,Soil Dust
4126,Soil Dust
4127,Soil Dust
4128,Soil Dust
4129,Soil Dust
4130,Soil Dust
4130110,Soil Dust
413012.5,Soil Dust
4130130,Soil Dust
41301C,Soil Dust
4130210,Soil Dust
413022.5,Soil Dust
4130230,Soil Dust
41302C,Soil Dust
4130310,Soil Dust
413032.5,Soil Dust
4130330,Soil Dust
41303C,Soil Dust
4130410,Soil Dust
413042.5,Soil Dust
4130430,Soil Dust
41304C,Soil Dust
4130510,Soil Dust
413052.5,Soil Dust
4130530,Soil Dust
41305C,Soil Dust
4130610,Soil Dust
413062.5,Soil Dust
4130630,Soil Dust
41306C,Soil Dust
4130710,Soil Dust
413072.5,Soil Dust
4130730,Soil Dust
41307C,Soil Dust
4130810,Soil Dust
413082.5,Soil Dust
4130830,Soil Dust
41308C,Soil Dust
4130910,Soil Dust
413092.5,Soil Dust
4130930,Soil Dust
41309C,Soil Dust
4131,Soil Dust
4131010,Soil Dust
413102.5,Soil Dust
4131030,Soil Dust
41310C,Soil Dust
4131110,Soil Dust
413112.5,Soil Dust
4131130,Soil Dust
41311C,Soil Dust
4131210,Soil Dust
413122.5,Soil Dust
4131230,Soil Dust
41312C,Soil Dust
4131310,Soil Dust
413132.5,Soil Dust
4131330,Soil Dust
41313C,Soil Dust
4131410,Soil Dust
413142.5,Soil Dust
4131430,Soil Dust
41314C,Soil Dust
4131510,Soil Dust
413152.5,Soil Dust
4131530,Soil Dust
41315C,Soil Dust
4131610,Soil Dust
413162.5,Soil Dust
4131630,Soil Dust
41316C,Soil Dust
4131810,Soil Dust
413182.5,Soil Dust
4131830,Soil Dust
41318C,Soil Dust
4131910,Soil Dust
413192.5,Soil Dust
4131930,Soil Dust
41319C,Soil Dust
4132,Soil Dust
4132010,Soil Dust
413202.5,Soil Dust
4132030,Soil Dust
41320C,Soil Dust
4132110,Soil Dust
413212.5,Soil Dust
4132130,Soil Dust
41321C,Soil Dust
4132210,Soil Dust
413222.5,Soil Dust
4132230,Soil Dust
41322C,Soil Dust
4132310,Soil Dust
413232.5,Soil Dust
4132330,Soil Dust
41323C,Soil Dust
4132410,Soil Dust
413242.5,Soil Dust
4132430,Soil Dust
41324C,Soil Dust
4132510,Soil Dust
413252.5,Soil Dust
4132530,Soil Dust
41325C,Soil Dust
4132610,Soil Dust
413262.5,Soil Dust
4132630,Soil Dust
41326C,Soil Dust
4132710,Soil Dust
413272.5,Soil Dust
4132730,Soil Dust
41327C,Soil Dust
4132810,Soil Dust
413282.5,Soil Dust
4132830,Soil Dust
41328C,Soil Dust
4132910,Soil Dust
413292.5,Soil Dust
4132930,Soil Dust
41329C,Soil Dust
4133,Soil Dust
4133010,Soil Dust
413302.5,Soil Dust
4133030,Soil Dust
41330C,Soil Dust
4133110,Soil Dust
413312.5,Soil Dust
4133130,Soil Dust
41331C,Soil Dust
4134,Soil Dust
4135,Soil Dust
4135010,Soil Dust
413502.5,Soil Dust
4135030,Soil Dust
41350C,Soil Dust
4135110,Soil Dust
413512.5,Soil Dust
4135130,Soil Dust
41351C,Soil Dust
4135210,Soil Dust
413522.5,Soil Dust
4135230,Soil Dust
41352C,Soil Dust
4135310,Soil Dust
413532.5,Soil Dust
4135330,Soil Dust
41353C,Soil Dust
4136,Road Dust
4137,Road Dust
4138,Soil Dust
4139,Soil Dust
4140,Soil Dust
4140110,Road Dust
414012.5,Road Dust
4140130,Road Dust
41401C,Road Dust
4141,Soil Dust
4142,Soil Dust
4143,Soil Dust
4144,Soil Dust
4145,Soil Dust
4146,Soil Dust
4147,Soil Dust
4148,Soil Dust
4149,Road Dust
4150,Road Dust
4150010,Soil Dust
415002.5,Soil Dust
4150030,Soil Dust
41500C,Soil Dust
4151,Road Dust
4152,Road Dust
4153,Road Dust
4154,Road Dust
4155,Road Dust
4156,Road Dust
4157,Road Dust
4158,Construction
4159,Construction
4160,Soil Dust
4161,Soil Dust
4162,Soil Dust
4163,Soil Dust
4164,Soil Dust
4165,Soil Dust
4166,Soil Dust
4167,Soil Dust
4168,Road Dust
4169,Road Dust
4170,Road Dust
4171,Soil Dust
4172,Soil Dust
4173,Soil Dust
4174,Soil Dust
4175,Soil Dust
4176,Soil Dust
4177,Soil Dust
4178,Road Dust
4179,Road Dust
4180,Soil Dust
4181,Soil Dust
4182,Road Dust
4183,Construction
4202,Gasoline Vehicle
4203,Diesel Vehicle
4204,Road Dust
4205,Road Dust
4206,Road Dust
4207,Road Dust
4208,Road Dust
4209,Road Dust
4210,Road Dust
4210110,Biomass Burning
421012.5,Biomass Burning
4210130,Biomass Burning
42101C,Biomass Burning
4210210,Biomass Burning
421022.5,Biomass Burning
4210230,Biomass Burning
42102C,Biomass Burning
4210310,Biomass Burning
421032.5,Biomass Burning
4210330,Biomass Burning
42103C,Biomass Burning
4210410,Biomass Burning
421042.5,Biomass Burning
4210430,Biomass Burning
42104C,Biomass Burning
4210510,Biomass Burning
421052.5,Biomass Burning
4210530,Biomass Burning
42105C,Biomass Burning
4210610,Biomass Burning
421062.5,Biomass Burning
4210630,Biomass Burning
42106C,Biomass Burning
4210710,Gas Combustion
421072.5,Gas Combustion
4210730,Gas Combustion
42107C,Gas Combustion
4211,Road Dust
4212,Road Dust
4213,Road Dust
4214,Road Dust
4215,Road Dust
4216,Road Dust
4217,Road Dust
4218,Road Dust
4219,Road Dust
4220,Road Dust
4220110,Biomass Burning
422012.5,Biomass Burning
4220130,Biomass Burning
42201C,Biomass Burning
4220210,Biomass Burning
422022.5,Biomass Burning
4220230,Biomass Burning
42202C,Biomass Burning
4220310,Biomass Burning
422032.5,Biomass Burning
4220330,Biomass Burning
42203C,Biomass Burning
4220410,Biomass Burning
422042.5,Biomass Burning
4220430,Biomass Burning
42204C,Biomass Burning
4220510,Biomass Burning
422052.5,Biomass Burning
4220530,Biomass Burning
42205C,Biomass Burning
4221,Road Dust
4222,Soil Dust
4223,Soil Dust
4224,Soil Dust
4225,Soil Dust
4226,Soil Dust
4227,Soil Dust
4228,Soil Dust
4229,Soil Dust
4230,Soil Dust
4230110,Biomass Burning
423012.5,Biomass Burning
4230130,Biomass Burning
42301C,Biomass Burning
4230210,Biomass Burning
423022.5,Biomass Burning
4230230,Biomass Burning
42302C,Biomass Burning
4230310,Biomass Burning
423032.5,Biomass Burning
4230330,Biomass Burning
42303C,Biomass Burning
4230410,Biomass Burning
423042.5,Biomass Burning
4230430,Biomass Burning
42304C,Biomass Burning
4230510,Biomass Burning
423052.5,Biomass Burning
4230530,Biomass Burning
42305C,Biomass Burning
4230610,Biomass Burning
423062.5,Biomass Burning
4230630,Biomass Burning
42306C,Biomass Burning
4230710,Biomass Burning
423072.5,Biomass Burning
4230730,Biomass Burning
42307C,Biomass Burning
4230810,Biomass Burning
423082.5,Biomass Burning
4230830,Biomass Burning
42308C,Biomass Burning
4230910,Biomass Burning
423092.5,Biomass Burning
4230930,Biomass Burning
42309C,Biomass Burning
4231,Soil Dust
4231010,Biomass Burning
423102.5,Biomass Burning
4231030,Biomass Burning
42310C,Biomass Burning
4231110,Biomass Burning
423112.5,Biomass Burning
4231130,Biomass Burning
42311C,Biomass Burning
4231210,Biomass Burning
423122.5,Biomass Burning
4231230,Biomass Burning
42312C,Biomass Burning
4231310,Biomass Burning
423132.5,Biomass Burning
4231330,Biomass Burning
42313C,Biomass Burning
4231410,Biomass Burning
423142.5,Biomass Burning
4231430,Biomass Burning
42314C,Biomass Burning
4231510,Biomass Burning
423152.5,Biomass Burning
4231530,Biomass Burning
42315C,Biomass Burning
4231610,Biomass Burning
423162.5,Biomass Burning
4231630,Biomass Burning
42316C,Biomass Burning
4231710,Biomass Burning
423172.5,Biomass Burning
4231730,Biomass Burning
42317C,Biomass Burning
4231810,Biomass Burning
423182.5,Biomass Burning
4231830,Biomass Burning
42318C,Biomass Burning
4231910,Biomass Burning
423192.5,Biomass Burning
4231930,Biomass Burning
42319C,Biomass Burning
4232,Soil Dust
4232010,Biomass Burning
423202.5,Biomass Burning
4232030,Biomass Burning
42320C,Biomass Burning
4232110,Biomass Burning
423212.5,Biomass Burning
4232130,Biomass Burning
42321C,Biomass Burning
4232210,Biomass Burning
423222.5,Biomass Burning
4232230,Biomass Burning
42322C,Biomass Burning
4232310,Biomass Burning
423232.5,Biomass Burning
4232330,Biomass Burning
42323C,Biomass Burning
4232410,Biomass Burning
423242.5,Biomass Burning
4232430,Biomass Burning
42324C,Biomass Burning
4233,Soil Dust
4233010,Biomass Burning
423302.5,Biomass Burning
4233030,Biomass Burning
42330C,Biomass Burning
4233110,Biomass Burning
423312.5,Biomass Burning
4233130,Biomass Burning
42331C,Biomass Burning
4234,Diesel Vehicle
4235,Diesel Vehicle
4236,Diesel Vehicle
4237,Diesel Vehicle
4238,Diesel Vehicle
4239,Diesel Vehicle
4240,Diesel Vehicle
4241,Diesel Vehicle
4242,Diesel Vehicle
4243,Diesel Vehicle
4244,Diesel Vehicle
4245,Diesel Vehicle
4246,Diesel Vehicle
4247,Diesel Vehicle
4248,Diesel Vehicle
4249,Diesel Vehicle
4250,Diesel Vehicle
4251,Diesel Vehicle
4252,Diesel Vehicle
4253,Diesel Vehicle
4254,Diesel Vehicle
4255,Diesel Vehicle
4256,Diesel Vehicle
4257,Diesel Vehicle
4258,Diesel Vehicle
4259,Diesel Vehicle
4260,Diesel Vehicle
4261,Diesel Vehicle
4262,Diesel Vehicle
4263,Diesel Vehicle
4264,Diesel Vehicle
4265,Diesel Vehicle
4266,Diesel Vehicle
4267,Diesel Vehicle
4268,Wildfire
4269,Wildfire
4270,Wildfire
4271,Wildfire
4272,Wildfire
4273,Wildfire
4274,Wildfire
4275,Wildfire
4276,Wildfire
4277,Wildfire
4278,Wildfire
4279,Wildfire
4280,Wildfire
4281,Wildfire
4282,Wildfire
4283,Wildfire
4284,Wildfire
4285,Wildfire
4287,Wildfire
4288,Wildfire
4289,Coal Combustion
4290,Coal Combustion
4291,Coal Combustion
4292,Coal Combustion
4293,Coal Combustion
4294,Coal Combustion
4295,Coal Combustion
4296,Coal Combustion
4297,Coal Combustion
4298,Coal Combustion
4299,Coal Combustion
4300,Coal Combustion
4301,Coal Combustion
4302,Coal Combustion
4303,Coal Combustion
4304,Coal Combustion
4305,Coal Combustion
4306,Coal Combustion
4307,Coal Combustion
4308,Coal Combustion
4309,Coal Combustion
4310,Coal Combustion
4310110,Sea Salt
431012.5,Sea Salt
4310130,Sea Salt
43101C,Sea Salt
4311,Coal Combustion
4312,Coal Combustion
4313,Coal Combustion
4314,Coal Combustion
4315,Industrial
4316,Industrial
4317,Industrial
4318,Industrial
4319,Industrial
4320,Industrial
4320110,Coal Combustion
432012.5,Coal Combustion
4320130,Coal Combustion
43201C,Coal Combustion
4321,Industrial
4322,Industrial
4323,Cement Manufacturing
4324,Cement Manufacturing
4325,Cement Manufacturing
4326,Cement Manufacturing
4327,Cement Manufacturing
4328,Cement Manufacturing
4329,Cement Manufacturing
4330,Cement Manufacturing
4330110,Volcano
433012.5,Volcano
4330130,Volcano
43301C,Volcano
4330210,Biomass Burning
433022.5,Biomass Burning
4330230,Biomass Burning
43302C,Biomass Burning
4330310,Coal Combustion
433032.5,Coal Combustion
4330330,Coal Combustion
43303C,Coal Combustion
4330410,Cement Manufacturing
433042.5,Cement Manufacturing
4330430,Cement Manufacturing
43304C,Cement Manufacturing
4330510,Soil Dust
433052.5,Soil Dust
4330530,Soil Dust
43305C,Soil Dust
4330610,Soil Dust
433062.5,Soil Dust
4330630,Soil Dust
43306C,Soil Dust
4330710,Soil Dust
433072.5,Soil Dust
4330730,Soil Dust
43307C,Soil Dust
4330810,Soil Dust
433082.5,Soil Dust
4330830,Soil Dust
43308C,Soil Dust
4330910,Soil Dust
433092.5,Soil Dust
4330930,Soil Dust
43309C,Soil Dust
4331,Cement Manufacturing
4332,Cement Manufacturing
4333,Cement Manufacturing
4334,Industrial
4335,Industrial
4336,Industrial
4337,Biomass Burning
4338,Biomass Burning
4339,Industrial
4340,Industrial
4341,Industrial
4342,Industrial
4343,Biomass Burning
4344,Biomass Burning
4345,Industrial
4346,Road Dust
4347,Road Dust
4348,Road Dust
4349,Road Dust
4350,Soil Dust
4351,Soil Dust
4352,Soil Dust
4353,Soil Dust
4354,Diesel Vehicle
4355,Diesel Vehicle
4356,Diesel Vehicle
4357,Diesel Vehicle
4358,Diesel Vehicle
4359,Wildfire
4360,Wildfire
4361,Wildfire
4362,Wildfire
4363,Wildfire
4364,Wildfire
4365,Wildfire
4366,Wildfire
4367,Coal Combustion
4368,Coal Combustion
4369,Coal Combustion
4370,Coal Combustion
4371,Coal Combustion
4373,Coal Combustion
4374,Coal Combustion
4375,Industrial
4376,Cement Manufacturing
4377,Cement Manufacturing
4378,Cement Manufacturing
4379,Biomass Burning
4380,Biomass Burning
4381,Industrial
4382,Biomass Burning
4383,Biomass Burning
4384,Biomass Burning
4385,Biomass Burning
4386,Biomass Burning
4387,Biomass Burning
4388,Biomass Burning
4389,Biomass Burning
4390,Biomass Burning
4391,Biomass Burning
4392,Biomass Burning
4393,Biomass Burning
4394,Industrial
4395,Industrial
4396,Industrial
4397,Industrial
4398,Industrial
4399,Industrial
4400,Industrial
4401,Industrial
4402,Industrial
4403,Industrial
4404,Industrial
4405,Industrial
4406,Industrial
4407,Industrial
4408,Industrial
4409,Industrial
4410,Industrial
4410110,Construction
441012.5,Construction
4410130,Construction
44101C,Construction
4410210,Construction
441022.5,Construction
4410230,Construction
44102C,Construction
4410310,Construction
441032.5,Construction
4410330,Construction
44103C,Construction
4410410,Construction
441042.5,Construction
4410430,Construction
44104C,Construction
4411,Industrial
4412,Industrial
4413,Industrial
4414,Industrial
4415,Industrial
4463,Wildfire
4464,Wildfire
4465,Wildfire
4466,Wildfire
4467,Wildfire
4468,Wildfire
4554,Industrial
4558,Gasoline Vehicle
4559,Gasoline Vehicle
4643,Biomass Burning
4644,Biomass Burning
4645,Biomass Burning
4653,Industrial
4654,Industrial
4655,Industrial
4656,Road Dust
4657,Road Dust
4658,Road Dust
4660,Other
4663,Industrial Dust
4664,Industrial Dust
4675,Diesel Vehicle
4704,Biomass Burning
4705,Biomass Burning
4706,Industrial Dust
4707,Industrial Dust
4708,Industrial Dust
4709,Industrial Dust
4718,Industrial
4719,Industrial
4720,Industrial
4721,Industrial
4722,Industrial
4733,Industrial
4734,Industrial
4735,Industrial
4736,Oil Combustion
4737,Oil Combustion
4746,Diesel Vehicle
4746a,Diesel Vehicle
4747,Diesel Vehicle
4748,Diesel Vehicle
4749,Diesel Vehicle
4750,Diesel Vehicle
4751,Diesel Vehicle
4840,Biomass Burning
4841,Biomass Burning
4842,Diesel Vehicle
4843,Diesel Vehicle
4844,Diesel Vehicle
4845,Diesel Vehicle
4846,Diesel Vehicle
4847,Diesel Vehicle
4848,Diesel Vehicle
4849,Diesel Vehicle
4850,Diesel Vehicle
4851,Diesel Vehicle
4852,Diesel Vehicle
4853,Diesel Vehicle
4854,Diesel Vehicle
4855,Diesel Vehicle
4856,Diesel Vehicle
4857,Diesel Vehicle
4858,Diesel Vehicle
4859,Diesel Vehicle
4860,Diesel Vehicle
4861,Diesel Vehicle
4862,Diesel Vehicle
4863,Diesel Vehicle
4864,Diesel Vehicle
4865,Diesel Vehicle
4866,Diesel Vehicle
4867,Diesel Vehicle
4868,Diesel Vehicle
4869,Diesel Vehicle
4870,Diesel Vehicle
4871,Diesel Vehicle
4872,Diesel Vehicle
4873,Diesel Vehicle
4874,Diesel Vehicle
4875,Diesel Vehicle
4876,Diesel Vehicle
4877,Diesel Vehicle
4878,Diesel Vehicle
4879,Diesel Vehicle
4880,Diesel Vehicle
4881,Diesel Vehicle
4882,Diesel Vehicle
4883,Diesel Vehicle
4884,Diesel Vehicle
4885,Diesel Vehicle
4886,Diesel Vehicle
4887,Diesel Vehicle
4888,Diesel Vehicle
4889,Diesel Vehicle
4890,Diesel Vehicle
4891,Diesel Vehicle
4892,Diesel Vehicle
4893,Diesel Vehicle
4894,Diesel Vehicle
4895,Gasoline Vehicle
4896,Gasoline Vehicle
4897,Gasoline Vehicle
4898,Gasoline Vehicle
4899,Gasoline Vehicle
4900,Gasoline Vehicle
4901,Gasoline Vehicle
4902,Gasoline Vehicle
4903,Gasoline Vehicle
4904,Gasoline Vehicle
4905,Gasoline Vehicle
4906,Gasoline Vehicle
4907,Gasoline Vehicle
4908,Gasoline Vehicle
4909,Gasoline Vehicle
4910,Gasoline Vehicle
4911,Gasoline Vehicle
4912,Gasoline Vehicle
4913,Gasoline Vehicle
4914,Gasoline Vehicle
4915,Gasoline Vehicle
4916,Gasoline Vehicle
4917,Gasoline Vehicle
4918,Gasoline Vehicle
4919,Gasoline Vehicle
4920,Gasoline Vehicle
4921,Gasoline Vehicle
4922,Gasoline Vehicle
4923,Gasoline Vehicle
4924,Gasoline Vehicle
4925,Gasoline Vehicle
4926,Gasoline Vehicle
4927,Gasoline Vehicle
4928,Gasoline Vehicle
4929,Gasoline Vehicle
4930,Gasoline Vehicle
4931,Gasoline Vehicle
4932,Gasoline Vehicle
4933,Gasoline Vehicle
4934,Gasoline Vehicle
4935,Gasoline Vehicle
4936,Gasoline Vehicle
4937,Gasoline Vehicle
4938,Gasoline Vehicle
4939,Gasoline Vehicle
4940,Gasoline Vehicle
4941,Gasoline Vehicle
4942,Gasoline Vehicle
4943,Diesel Vehicle
4944,Diesel Vehicle
4945,Diesel Vehicle
4946,Diesel Vehicle
4947,Diesel Vehicle
4948,Diesel Vehicle
4949,Diesel Vehicle
4950,Diesel Vehicle
4951,Diesel Vehicle
4952,Diesel Vehicle
4953,Diesel Vehicle
4954,Diesel Vehicle
4955,Diesel Vehicle
4956,Diesel Vehicle
4957,Diesel Vehicle
4958,Diesel Vehicle
4959,Diesel Vehicle
4960,Diesel Vehicle
4961,Diesel Vehicle
4962,Diesel Vehicle
4963,Diesel Vehicle
4964,Diesel Vehicle
4965,Diesel Vehicle
4966,Diesel Vehicle
4967,Diesel Vehicle
4968,Diesel Vehicle
4969,Diesel Vehicle
4970,Diesel Vehicle
4971,Diesel Vehicle
4972,Diesel Vehicle
4973,Diesel Vehicle
4974,Diesel Vehicle
4975,Diesel Vehicle
4976,Diesel Vehicle
4977,Diesel Vehicle
4978,Diesel Vehicle
4979,Diesel Vehicle
4980,Diesel Vehicle
4981,Diesel Vehicle
4982,Diesel Vehicle
4983,Diesel Vehicle
4984,Diesel Vehicle
4985,Diesel Vehicle
4986,Diesel Vehicle
4987,Diesel Vehicle
4988,Diesel Vehicle
4989,Diesel Vehicle
4990,Diesel Vehicle
4991,Diesel Vehicle
4992,Diesel Vehicle
4993,Diesel Vehicle
4994,Diesel Vehicle
4995,Diesel Vehicle
4996,Diesel Vehicle
4997,Diesel Vehicle
4998,Diesel Vehicle
4999,Diesel Vehicle
5000,Diesel Vehicle
5001,Diesel Vehicle
5002,Diesel Vehicle
5003,Diesel Vehicle
5004,Diesel Vehicle
5005,Diesel Vehicle
5006,Diesel Vehicle
5007,Diesel Vehicle
5008,Brake Tire Wear
5009,Brake Tire Wear
5010,Brake Tire Wear
5011,Brake Tire Wear
5012,Brake Tire Wear
5013,Brake Tire Wear
5014,Brake Tire Wear
5015,Brake Tire Wear
5016,Brake Tire Wear
5017,Industrial
5018,Industrial
5019,Cement Manufacturing
5020,Cement Manufacturing
5021,Cement Manufacturing
5022,Cement Manufacturing
5023,Cement Manufacturing
5024,Cement Manufacturing
5025,Industrial
5026,Industrial
5027,Industrial
5028,Industrial
5029,Cement Manufacturing
5030,Industrial
5031,Cement Manufacturing
5032,Cement Manufacturing
5033,Cement Manufacturing
5034,Industrial
5035,Industrial
5036,Industrial
5037,Industrial
5038,Industrial
5039,Cement Manufacturing
5040,Cement Manufacturing
5041,Cement Manufacturing
5042,Cement Manufacturing
5043,Industrial
5045,Industrial
5046,Industrial
5047,Industrial
5048,Industrial
5049,Industrial
5050,Industrial
5051,Industrial
5052,Industrial
5053,Industrial
5055,Cement Manufacturing
5056,Cement Manufacturing
5057,Industrial
5058,Industrial
5059,Industrial
5060,Industrial
5061,Industrial
5062,Industrial
5063,Cement Manufacturing
5064,Industrial
5065,Industrial
5066,Industrial
5067,Industrial
5068,Industrial
5069,Industrial
5070,Industrial
5071,Industrial
5072,Cement Manufacturing
5073,Industrial
5074,Industrial
5075,Industrial
5077,Industrial
5078,Industrial
5079,Industrial
5081,Industrial
5082,Industrial
5083,Industrial
5084,Industrial
5085,Industrial
5086,Industrial
5087,Industrial
5088,Cement Manufacturing
5089,Cement Manufacturing
5090,Industrial
5091,Industrial
5092,Industrial
5093,Industrial
5094,Industrial
5095,Industrial
5096,Industrial
5097,Industrial
5098,Industrial
5099,Industrial
5100,Industrial
5101,Industrial
5102,Industrial
5103,Industrial
5104,Industrial
5105,Industrial
5106,Industrial
5107,Industrial
5108,Industrial
5109,Industrial
5110,Industrial
5111,Industrial
5112,Industrial
5113,Industrial
5114,Industrial
5115,Industrial
5116,Industrial
5117,Industrial
5118,Industrial
5119,Industrial
5120,Industrial
5121,Industrial
5122,Industrial
5123,Industrial
5124,Industrial
5125,Industrial
5126,Industrial
5127,Industrial
5128,Industrial
5129,Industrial
5130,Industrial
5131,Industrial
5132,Industrial
5133,Industrial
5135,Industrial
5136,Industrial
5137,Industrial
5138,Industrial
5139,Industrial
5140,Industrial
5141,Industrial
5142,Industrial
5143,Industrial
5144,Industrial
5145,Industrial
5146,Industrial
5147,Industrial
5148,Industrial
5149,Industrial
5150,Industrial
5151,Industrial
5152,Industrial
5153,Industrial
5154,Industrial
5155,Industrial
5156,Industrial
5157,Industrial
5159,Industrial
5160,Industrial
5161,Industrial
5162,Industrial
5163,Industrial
5164,Industrial
5165,Industrial
5166,Industrial
5167,Industrial
5168,Industrial
5169,Industrial
5170,Industrial
5171,Industrial
5172,Industrial
5173,Industrial
5174,Industrial
5175,Industrial
5176,Industrial
5177,Industrial
5178,Industrial
5180,Industrial
5181,Industrial
5182,Industrial
5183,Industrial
5184,Industrial
5185,Industrial
5186,Industrial
5187,Industrial
5188,Industrial
5189,Industrial
5190,Industrial
5191,Industrial
5192,Industrial
5193,Industrial
5194,Industrial
5195,Industrial
5196,Industrial
5197,Industrial
5198,Industrial
5199,Industrial
5200,Industrial
5201,Industrial
5202,Industrial
5203,Industrial
5204,Industrial
5206,Industrial
5207,Industrial
5208,Industrial
5209,Industrial
5210,Industrial
5211,Industrial
5212,Industrial
5213,Industrial
5214,Industrial
5215,Industrial
5216,Industrial
5217,Industrial
5218,Industrial
5219,Industrial
5220,Industrial
5221,Cement Manufacturing
5222,Cement Manufacturing
5223,Cement Manufacturing
5224,Industrial
5225,Industrial
5226,Industrial
5227,Industrial
5228,Industrial
5229,Industrial
5230,Industrial
5231,Industrial
5232,Industrial
5233,Industrial
5234,Industrial
5235,Industrial
5236,Industrial
5237,Industrial
5238,Industrial
5239,Industrial
5240,Industrial
5241,Industrial
5242,Industrial
5243,Cement Manufacturing
5244,Industrial
5245,Industrial
5246,Cement Manufacturing
5247,Industrial
5248,Industrial
5249,Industrial
5250,Industrial
5251,Industrial
5252,Industrial
5253,Industrial
5254,Industrial
5255,Industrial
5256,Industrial
5257,Industrial
5258,Industrial
5259,Industrial
5260,Industrial
5261,Industrial
5262,Industrial
5263,Industrial
5264,Industrial
5265,Industrial
5266,Industrial
5267,Industrial
5268,Industrial
5269,Industrial
5270,Industrial
5292,Diesel Vehicle
5293,Diesel Vehicle
5294,Diesel Vehicle
5298,Diesel Vehicle
5299,Diesel Vehicle
5300,Diesel Vehicle
5301,Diesel Vehicle
5302,Diesel Vehicle
5303,Diesel Vehicle
5304,Diesel Vehicle
5305,Diesel Vehicle
5306,Diesel Vehicle
5307,Diesel Vehicle
5308,Diesel Vehicle
5309,Diesel Vehicle
5310,Diesel Vehicle
5311,Diesel Vehicle
5312,Diesel Vehicle
5313,Diesel Vehicle
5314,Diesel Vehicle
5315,Diesel Vehicle
5316,Diesel Vehicle
5317,Diesel Vehicle
5318,Diesel Vehicle
5319,Diesel Vehicle
5320,Diesel Vehicle
5321,Diesel Vehicle
5322,Diesel Vehicle
5323,Aircraft
5324,Aircraft
5325,Aircraft
5326,Aircraft
5327,Aircraft
5566,Gasoline Vehicle
5567,Gasoline Vehicle
5568,Gasoline Vehicle
5569,Gasoline Vehicle
5570,Gasoline Vehicle
5571,Gasoline Vehicle
5572,Gasoline Vehicle
5573,Gasoline Vehicle
5574,Gasoline Vehicle
5575,Gasoline Vehicle
5576,Gasoline Vehicle
5577,Gasoline Vehicle
5578,Gasoline Vehicle
5579,Gasoline Vehicle
5580,Gasoline Vehicle
5581,Gasoline Vehicle
5582,Gasoline Vehicle
5583,Gasoline Vehicle
5584,Gasoline Vehicle
5585,Gasoline Vehicle
5586,Gasoline Vehicle
5587,Gasoline Vehicle
5588,Gasoline Vehicle
5589,Gasoline Vehicle
5590,Gasoline Vehicle
5591,Gasoline Vehicle
5592,Gasoline Vehicle
5593,Gasoline Vehicle
5594,Gasoline Vehicle
5595,Gasoline Vehicle
5596,Gasoline Vehicle
5597,Gasoline Vehicle
5598,Gasoline Vehicle
5599,Gasoline Vehicle
5600,Gasoline Vehicle
5601,Gasoline Vehicle
5602,Gasoline Vehicle
5603,Gasoline Vehicle
5604,Gasoline Vehicle
5605,Gasoline Vehicle
5606,Gasoline Vehicle
5607,Gasoline Vehicle
5608,Gasoline Vehicle
5609,Gasoline Vehicle
5610,Gasoline Vehicle
5611,Gasoline Vehicle
5612,Gasoline Vehicle
5613,Gasoline Vehicle
5614,Gasoline Vehicle
5615,Gasoline Vehicle
5616,Gasoline Vehicle
5617,Gasoline Vehicle
5644,Oil Combustion
5646,Oil Combustion
5648,Industrial
5669,Industrial
5670,Industrial
5671,Industrial
5672,Oil Combustion
5673,Industrial
5674,Marine vessel
5675,Marine vessel
5675AE6,Marine vessel
5676,Marine vessel
5679,Diesel Vehicle
5680,Diesel Vehicle
5681,Marine vessel
5682,Coal Combustion
5683,Construction
8821,Industrial
8822,Industrial
8823,Industrial
8824,Industrial
8825,Industrial
8826,Industrial
8873,Aircraft
8873AE6,Aircraft
8873VBS,Aircraft
8874,Aircraft
8875,Aircraft
8898,Biomass Burning
8899,Biomass Burning
8900,Biomass Burning
8901,Biomass Burning
8902,Biomass Burning
8903,Biomass Burning
8928,Gasoline Vehicle
8929,Gasoline Vehicle
8930,Gasoline Vehicle
8931,Gasoline Vehicle
8932,Gasoline Vehicle
8938,Coal Combustion
8939,Coal Combustion
8940,Coal Combustion
8941,Coal Combustion
8942,Coal Combustion
8943,Biomass Burning
8944,Biomass Burning
8945,Industrial
8946,Industrial
8947,Industrial
8948,Industrial
8992,Gasoline Vehicle
8992VBS,Gasoline Vehicle
8993,Gasoline Vehicle
8993VBS,Gasoline Vehicle
8994,Diesel Vehicle
8994VBS,Diesel Vehicle
8995,Diesel Vehicle
8995VBS,Diesel Vehicle
8996,Diesel Vehicle
8996VBS,Diesel Vehicle
9000110,Industrial
900012.5,Industrial
9000130,Industrial
90001C,Industrial
9000210,Industrial
900022.5,Industrial
9000230,Industrial
90002C,Industrial
9000310,Industrial Dust
900032.5,Industrial Dust
9000330,Industrial Dust
90003C,Industrial Dust
9000410,Industrial
900042.5,Industrial
9000430,Industrial
90004C,Industrial
9000510,Industrial
900052.5,Industrial
9000530,Industrial
90005C,Industrial
9000610,Industrial Dust
900062.5,Industrial Dust
9000630,Industrial Dust
90006C,Industrial Dust
9000710,Industrial
900072.5,Industrial
9000730,Industrial
90007C,Industrial
9000810,Industrial
900082.5,Industrial
9000830,Industrial
90008C,Industrial
9000910,Industrial
900092.5,Industrial
9000930,Industrial
90009C,Industrial
9001010,Industrial
900102.5,Industrial
9001030,Industrial
90010C,Industrial
9001110,Industrial
900112.5,Industrial
9001130,Industrial
90011C,Industrial
9001210,Industrial
900122.5,Industrial
9001230,Industrial
90012C,Industrial
9001310,Industrial Dust
900132.5,Industrial Dust
9001330,Industrial Dust
90013C,Industrial Dust
9001410,Industrial
900142.5,Industrial
9001430,Industrial
90014C,Industrial
9001510,Industrial
900152.5,Industrial
9001530,Industrial
90015C,Industrial
9001610,Industrial Dust
900162.5,Industrial Dust
9001630,Industrial Dust
90016C,Industrial Dust
91000,Biomass Burning
91001,Soil Dust
91002,Brake Tire Wear
91003,Industrial
91004,Cement Manufacturing
91005,Industrial
91006,Other
91007,Construction
91008,Industrial Dust
91009,Soil Dust
91011,Industrial
91012,Industrial
91013,Industrial
91014,Industrial Dust
91015,Industrial Dust
91016,Industrial Dust
91017,Diesel Vehicle
91018,Industrial
91019,Industrial Dust
91020,Industrial
91021,Gasoline Vehicle
91022,Gasoline Vehicle
91023,Road Dust
91024,Industrial Dust
91025,Coal Combustion
91026,Biomass Burning
91027,Industrial
91028,Coal Combustion
91029,Biomass Burning
91030,Biomass Burning
91031,Biomass Burning
91032,Biomass Burning
91033,Biomass Burning
91035,Industrial Dust
91036,Construction
91037,Industrial Dust
91038,Industrial
91039,Biomass Burning
91040,Industrial
91041,Coal Combustion
91042,Industrial
91043,Industrial Dust
91044,Road Dust
91045,Wildfire
91046,Industrial Dust
91047,Industrial Dust
91048,Coal Combustion
91100,Road Dust
91101,Soil Dust
91102,Wildfire
91103,Biomass Burning
91104,Coal Combustion
91105,Biomass Burning
91106,Diesel Vehicle
91107,Construction
91108,Road Dust
91109,Biomass Burning
91110,Coal Combustion
91111,Industrial Dust
91112,Industrial
91113,Gasoline Vehicle
91114,Biomass Burning
91115,Oil Combustion
91116,Industrial
91117,Oil Combustion
91118,Industrial Dust
91119,Industrial
91120,Industrial Dust
91121,Industrial Dust
91122,Gasoline Vehicle
91123,Industrial
91124,Industrial
91125,Coal Combustion
91126,Industrial
91127,Industrial
91128,Biomass Burning
91129,Industrial
91130,Industrial Dust
91131,Industrial Dust
91132,Industrial
91133,Industrial
91134,Brake Tire Wear
91135,Industrial
91136,Industrial
91137,Industrial
91138,Cement Manufacturing
91139,Industrial
91140,Biomass Burning
91141,Industrial
91142,Industrial Dust
91143,Industrial
91144,Industrial
91145,Industrial
91146,Industrial
91147,Industrial
91148,Industrial
91149,Industrial Dust
91150,Brake Tire Wear
91151,Industrial
91152,Industrial Dust
91153,Industrial
91154,Industrial Dust
91155,Coal Combustion
91156,Industrial
91157,Industrial
91158,Industrial Dust
91159,Industrial
91160,Industrial
91161,Construction
91162,Diesel Vehicle
91163,Industrial
91164,Industrial Dust
91165,Industrial Dust
91166,Industrial Dust
91167,Industrial Dust
91168,Industrial Dust
91169,Soil Dust
91170,Industrial Dust
91171,Industrial Dust
91172,Industrial
91173,Industrial
91174,Industrial Dust
91175,Industrial
91176,Sea Salt
91177,Industrial
91178,Industrial Dust
91179,Industrial
91180,Industrial Dust
91181,Industrial
91182,Industrial Dust
91183,Industrial
92000,Biomass Burning
92001,Soil Dust
92002,Industrial Dust
92003,Industrial Dust
92004,Industrial Dust
92005,Industrial Dust
92006,Industrial Dust
92007,Industrial Dust
92008,Industrial Dust
92009,Industrial Dust
92010,Industrial Dust
92011,Industrial
92012,Industrial
92013,Industrial
92014,Cement Manufacturing
92015,Industrial
92016,Biomass Burning
92017,Industrial Dust
92018,Industrial
92019,Industrial
92020,Construction
92021,Industrial Dust
92022,Soil Dust
92023,Industrial Dust
92025,Oil Combustion
92026,Industrial
92027,Industrial
92028,Industrial Dust
92029,Industrial
92030,Industrial Dust
92031,Industrial Dust
92032,Background Air
92033,Industrial
92034,Industrial Dust
92035,Diesel Vehicle
92036,Industrial Dust
92037,Industrial Dust
92038,Industrial Dust
92039,Industrial Dust
92040,Industrial Dust
92041,Industrial
92042,Diesel Vehicle
92043,Industrial Dust
92044,Cement Manufacturing
92045,Industrial Dust
92046,Industrial
92047,Industrial Dust
92048,Industrial
92049,Gasoline Vehicle
92050,Gasoline Vehicle
92051,Industrial
92052,Industrial
92053,Road Dust
92054,Industrial Dust
92055,Industrial Dust
92056,Coal Combustion
92057,Coal Combustion
92058,Industrial
92059,Biomass Burning
92060,Industrial
92061,Industrial
92062,Coal Combustion
92063,Industrial
92064,Biomass Burning
92065,Biomass Burning
92066,Biomass Burning
92067,Biomass Burning
92068,Biomass Burning
92069,Biomass Burning
92070,Biomass Burning
92071,Biomass Burning
92072,Oil Combustion
92073,Industrial Dust
92074,Construction
92075,Industrial Dust
92076,Industrial Dust
92077,Industrial Dust
92078,Industrial
92079,Industrial
92080,Biomass Burning
92081,Industrial
92082,Industrial
92083,Industrial
92084,Coal Combustion
92085,Industrial
92086,Brake Tire Wear
92087,Brake Tire Wear
92088,Road Dust
92089,Industrial Dust
92090,Wildfire
92091,Biomass Burning
92092,Industrial Dust
92093,Industrial Dust
92094,Industrial Dust
92095,Coal Combustion
92100,Road Dust
92101,Soil Dust
92102,Wildfire
92103,Biomass Burning
92104,Coal Combustion
92105,Industrial
92106,Diesel Vehicle
92107,Construction
92108,Road Dust
92109,Industrial
92110,Coal Combustion
92111,Road Dust
92112,Industrial
92113,Gasoline Vehicle
92114,Biomass Burning
92115,Oil Combustion
92116,Industrial
92117,Oil Combustion
92118,Industrial Dust
92119,Industrial
92120,Industrial Dust
92121,Industrial Dust
92122,Gasoline Vehicle
92123,Industrial Dust
92124,Industrial
92125,Coal Combustion
92126,Industrial
92127,Cement Manufacturing
92128,Biomass Burning
92129,Industrial
92130,Industrial Dust
92131,Industrial Dust
92132,Industrial
92133,Industrial
92134,Brake Tire Wear
92135,Industrial
92136,Industrial
92137,Industrial
92138,Industrial
92139,Industrial
92140,Biomass Burning
92141,Industrial
92142,Industrial Dust
92143,Industrial
92144,Industrial
92145,Industrial
92146,Industrial
92147,Industrial
92148,Industrial
92149,Industrial Dust
92150,Brake Tire Wear
92151,Industrial
92152,Industrial Dust
92153,Industrial
92154,Industrial Dust
92155,Coal Combustion
92156,Industrial
92157,Industrial
92158,Industrial Dust
92159,Industrial
92160,Industrial
92161,Construction
92162,Diesel Vehicle
92163,Industrial
92164,Industrial Dust
92165,Industrial Dust
92166,Industrial Dust
92167,Industrial Dust
92168,Industrial Dust
92169,Soil Dust
92170,Industrial Dust
92171,Industrial Dust
92172,Industrial
92173,Industrial
92174,Industrial Dust
92175,Industrial
92176,Soil Dust
92177,Industrial
92178,Industrial Dust
92179,Industrial
92180,Industrial Dust
92181,Industrial
92182,Industrial Dust
92183,Industrial
92200,Marine vessel
95000,Biomass Burning
95001,Biomass Burning
95002,Biomass Burning
95003,Biomass Burning
95004,Biomass Burning
95005,Industrial
95006,Industrial
95007,Industrial
95008,Industrial
95009,Industrial
95010,Biomass Burning
95011,Biomass Burning
95012,Industrial
95013,Gasoline Vehicle
95014,Gasoline Vehicle
95015,Gasoline Vehicle
95016,Gasoline Vehicle
95017,Gasoline Vehicle
95018,Gasoline Vehicle
95019,Gasoline Vehicle
95020,Gasoline Vehicle
95021,Gasoline Vehicle
95022,Gasoline Vehicle
95023,Gasoline Vehicle
95024,Gasoline Vehicle
95025,Gasoline Vehicle
95026,Gasoline Vehicle
95027,Gasoline Vehicle
95028,Gasoline Vehicle
95029,Gasoline Vehicle
95030,Gasoline Vehicle
95031,Gasoline Vehicle
95032,Gasoline Vehicle
95033,Gasoline Vehicle
95034,Gasoline Vehicle
95035,Gasoline Vehicle
95036,Gasoline Vehicle
95037,Gasoline Vehicle
95038,Gasoline Vehicle
95039,Gasoline Vehicle
95040,Gasoline Vehicle
95041,Gasoline Vehicle
95042,Gasoline Vehicle
95043,Gasoline Vehicle
95044,Gasoline Vehicle
95045,Gasoline Vehicle
95046,Gasoline Vehicle
95047,Gasoline Vehicle
95048,Gasoline Vehicle
95049,Gasoline Vehicle
95050,Gasoline Vehicle
95051,Gasoline Vehicle
95052,Gasoline Vehicle
95053,Gasoline Vehicle
95054,Gasoline Vehicle
95055,Gasoline Vehicle
95056,Gasoline Vehicle
95057,Gasoline Vehicle
95058,Gasoline Vehicle
95059,Gasoline Vehicle
95060,Gasoline Vehicle
95061,Gasoline Vehicle
95062,Gasoline Vehicle
95063,Gasoline Vehicle
95064,Gasoline Vehicle
95065,Gasoline Vehicle
95066,Gasoline Vehicle
95067,Gasoline Vehicle
95068,Gasoline Vehicle
95069,Gasoline Vehicle
95072,Gasoline Vehicle
95073,Gasoline Vehicle
95074,Gasoline Vehicle
95075,Gasoline Vehicle
95076,Gasoline Vehicle
95125,Industrial
95125a,Industrial
95126,Industrial
95126a,Industrial
95127,Industrial
95127a,Industrial
95128,Oil Combustion
95128a,Oil Combustion
95147,Wildfire
95148,Wildfire
95149,Wildfire
95150,Wildfire
95151,Wildfire
95152,Wildfire
95153,Wildfire
95154,Wildfire
95155,Industrial
95162,Biomass Burning
95163,Coal Combustion
95164,Coal Combustion
95165,Coal Combustion
95166,Industrial
95167,Industrial
95168,Industrial
95169,Industrial
95170,Industrial
95171,Industrial
95172,Industrial
95173,Industrial
95174,Industrial
95175,Industrial
95176,Industrial
95177,Industrial
95178,Coal Combustion
95179,Coal Combustion
95180,Coal Combustion
95181,Coal Combustion
95182,Biomass Burning
95183,Biomass Burning
95184,Biomass Burning
95185,Biomass Burning
95186,Biomass Burning
95187,Biomass Burning
95188,Biomass Burning
95189,Biomass Burning
95190,Biomass Burning
95191,Biomass Burning
95192,Biomass Burning
95193,Biomass Burning
95194,Biomass Burning
95195,Biomass Burning
95196,Biomass Burning
95197,Biomass Burning
95198,Biomass Burning
95199,Biomass Burning
95200,Biomass Burning
95201,Biomass Burning
95202,Biomass Burning
95203,Biomass Burning
95204,Biomass Burning
95205,Biomass Burning
95206,Biomass Burning
95207,Biomass Burning
95208,Biomass Burning
95209,Biomass Burning
95210,Biomass Burning
95219,CNG Vehicle
95219a,CNG Vehicle
95220,CNG Vehicle
95220a,CNG Vehicle
95334,Diesel Vehicle
95429,Industrial
95430,Industrial
95431,Industrial
95432,Industrial
95433,Brake Tire Wear
95434,Brake Tire Wear
95435,Brake Tire Wear
95436,Brake Tire Wear
95437,Brake Tire Wear
95438,Brake Tire Wear
95439,Brake Tire Wear
95440,Brake Tire Wear
95441,Brake Tire Wear
95442,Brake Tire Wear
95443,Brake Tire Wear
95444,Brake Tire Wear
95445,Brake Tire Wear
95446,Brake Tire Wear
95447,Brake Tire Wear
95448,Brake Tire Wear
95449,Brake Tire Wear
95450,Brake Tire Wear
95451,Brake Tire Wear
95452,Brake Tire Wear
95453,Brake Tire Wear
95454,Brake Tire Wear
95455,Brake Tire Wear
95456,Brake Tire Wear
95457,Brake Tire Wear
95458,Brake Tire Wear
95459,Brake Tire Wear
95460,Brake Tire Wear
95461,Brake Tire Wear
95462,Brake Tire Wear
95463,Biomass Burning
95464,Biomass Burning
95465,Biomass Burning
95466,Biomass Burning
95475,Industrial
95501,Biomass Burning
95502,Biomass Burning
95503,Biomass Burning
95504,Biomass Burning
95514,Coal Combustion
95515,Coal Combustion
95516,Coal Combustion
95517,Coal Combustion
95518,Coal Combustion
95519,Road Dust
95520,Soil Dust
95521,Soil Dust
95522,Road Dust
95523,Road Dust
95524,Soil Dust
95525,Soil Dust
95526,Road Dust
95527,Road Dust
95528,Soil Dust
95529,Road Dust
95530,Road Dust
95531,Construction
95532,Soil Dust
95533,Road Dust
95534,Road Dust
95535,Road Dust
95737,Biomass Burning
95738,Biomass Burning
95739,Biomass Burning
95740,Biomass Burning
95741,Biomass Burning
95742,Biomass Burning
95743,Biomass Burning
95744,Biomass Burning
95745,Biomass Burning
95746,Biomass Burning
95747,Biomass Burning
95748,Biomass Burning
95749,Biomass Burning
95750,Biomass Burning
95751,Biomass Burning
95752,Biomass Burning
95753,Biomass Burning
95754,Biomass Burning
95756,Road Dust
95758,Road Dust
95759,Biomass Burning
95760,Biomass Burning
95761,Biomass Burning
95762,Biomass Burning
95763,Biomass Burning
95764,Biomass Burning
95765,Biomass Burning
95766,Biomass Burning
95767,Biomass Burning
95768,Biomass Burning
95769,Biomass Burning
95770,Biomass Burning
95771,Biomass Burning
95772,Biomass Burning
95773,Biomass Burning
95774,Biomass Burning
95775,Biomass Burning
95776,Biomass Burning
95777,Road Dust
95778,Road Dust
95779,Road Dust
95780,Road Dust
95783,Aircraft
95793,Wildfire
95794,Wildfire
95795,Wildfire
95796,Wildfire
95797,Wildfire
95798,Wildfire
95799,Wildfire
95800,Wildfire
95801,Wildfire
95802,Wildfire
95803,Wildfire
95804,Wildfire
95805,Wildfire
95806,Wildfire
95807,Wildfire
95808,Wildfire
95809,Wildfire
SUGP02,Biomass Burning
